Unnamed: 0,names,rates,director,actors
0,Dil Bechara,9.1,Mukesh Chhabra,"Sushant Singh Rajput, Sanjana Sanghi, Sahil Vaid, Saswata Chatterjee"
1,The Umbrella Academy,8.0,,"Ellen Page, Tom Hopper, David Castañeda, Emmy Raver-Lampman"
2,The Kissing Booth 2,6.0,Vince Marcello,"Joey King, Joel Courtney, Jacob Elordi, Molly Ringwald"
3,Cursed,5.8,,"Katherine Langford, Devon Terrell, Gustaf Skarsgård, Daniel Sharman"
4,Dark,8.8,,"Louis Hofmann, Karoline Eichhorn, Lisa Vicari, Maja Schöne"
5,The Old Guard,6.7,Gina Prince-Bythewood,"Charlize Theron, KiKi Layne, Matthias Schoenaerts, Marwan Kenzari"
6,After We Collided,,Roger Kumble,"Josephine Langford, Hero Fiennes Tiffin, Louise Lombard, Dylan Sprouse"
7,Yellowstone,8.5,,"Kevin Costner, Luke Grimes, Kelly Reilly, Wes Bentley"
8,The Kissing Booth,6.0,Vince Marcello,"Joey King, Jacob Elordi, Joel Courtney, Megan du Plessis"
9,Perry Mason,7.4,,"Matthew Rhys, Juliet Rylance, Chris Chalk, Tatiana Maslany"
10,365 dni,3.3,,"Anna Maria Sieklucka, Michele Morrone, Bronislaw Wroclawski, Otar Saralidze"
11,Game of Thrones,9.3,,"Emilia Clarke, Peter Dinklage, Kit Harington, Lena Headey"
12,Greyhound,7.1,Aaron Schneider,"Tom Hanks, Elisabeth Shue, Stephen Graham, Matt Helm"
13,The Boys,8.7,,"Karl Urban, Jack Quaid, Antony Starr, Erin Moriarty"
14,Palm Springs,7.5,Max Barbakow,"Andy Samberg, Cristin Milioti, J.K. Simmons, Peter Gallagher"
15,The Rental,5.8,Dave Franco,"Dan Stevens, Alison Brie, Sheila Vand, Jeremy Allen White"
16,Good Girls,7.9,,"Christina Hendricks, Retta, Mae Whitman, Reno Wilson"
17,Hamilton,8.8,Thomas Kail,"Lin-Manuel Miranda, Phillipa Soo, Leslie Odom Jr., Renée Elise Goldsberry"
18,Shameless,8.6,,"Emmy Rossum, William H. Macy, Ethan Cutkosky, Jeremy Allen White"
19,The Office,8.9,,"Steve Carell, Jenna Fischer, John Krasinski, Rainn Wilson"
20,Grey's Anatomy,7.6,,"Ellen Pompeo, Chandra Wilson, James Pickens Jr., Justin Chambers"
21,Kingdom,8.4,,"Frank Grillo, Kiele Sanchez, Matt Lauria, Jonathan Tucker"
22,Lucifer,8.2,,"Tom Ellis, Lauren German, Kevin Alejandro, Lesley-Ann Brandt"
23,Vikings,8.5,,"Katheryn Winnick, Alexander Ludwig, Gustaf Skarsgård, Georgia Hirst"
24,The Walking Dead,8.2,,"Andrew Lincoln, Norman Reedus, Melissa McBride, Danai Gurira"
25,Bureikingu baddo,9.5,,"Bryan Cranston, Aaron Paul, Anna Gunn, Betsy Brandt"
26,The 100,7.7,,"Eliza Taylor, Bob Morley, Marie Avgeropoulos, Isaiah Washington"
27,Community,8.5,,"Joel McHale, Danny Pudi, Donald Glover, Chevy Chase"
28,Norsemen,7.8,,"Kåre Conradi, Nils Jørgen Kaalstad, Jon Øigarden, Bjørn Myrene"
29,ユーロビジョン歌合戦 〜ファイア・サーガ物語〜,6.6,David Dobkin,"Will Ferrell, Rachel McAdams, Dan Stevens, Mikael Persbrandt"
30,Agents of S.H.I.E.L.D.,7.5,,"Clark Gregg, Ming-Na Wen, Brett Dalton, Iain De Caestecker"
31,Criminal Minds,8.1,,"Matthew Gray Gubler, Kirsten Vangsness, A.J. Cook, Joe Mantegna"
32,Bill & Ted Face the Music,,Dean Parisot,"Keanu Reeves, Alex Winter, Samara Weaving, Brigette Lundy-Paine"
33,Supernatural,8.4,,"Jared Padalecki, Jensen Ackles, Jim Beaver, Misha Collins"
34,Schitt's Creek,8.4,,"Eugene Levy, Catherine O'Hara, Dan Levy, Annie Murphy"
35,Ozark,8.4,,"Jason Bateman, Laura Linney, Sofia Hublitz, Skylar Gaertner"
36,Modern Family,8.4,,"Ed O'Neill, Sofía Vergara, Julie Bowen, Ty Burrell"
37,Lovecraft Country,,,"Abbey Lee, Chase Brown, Aunjanue Ellis, Marcus A. Griffin Jr."
38,Knives Out,7.9,Rian Johnson,"Daniel Craig, Chris Evans, Ana de Armas, Jamie Lee Curtis"
39,Deep Blue Sea 3,4.6,John Pogue,"Tania Raymonde, Nathaniel Buzolic, Emerson Brooks, Bren Foster"
40,Euphoria,8.3,,"Zendaya, Maude Apatow, Angus Cloud, Eric Dane"
41,Friends,8.9,,"Jennifer Aniston, Courteney Cox, Lisa Kudrow, Matt LeBlanc"
42,Tenet,,Christopher Nolan,"John David Washington, Robert Pattinson, Elizabeth Debicki, Aaron Taylor-Johnson"
43,Stranger Things,8.8,,"Millie Bobby Brown, Finn Wolfhard, Winona Ryder, David Harbour"
44,The Alienist,7.7,,"Daniel Brühl, Dakota Fanning, Luke Evans, Robert Wisdom"
45,Peaky Blinders,8.8,,"Cillian Murphy, Paul Anderson, Helen McCrory, Sophie Rundle"
46,Warrior Nun,6.9,,"Alba Baptista, Toya Turner, Kristina Tonteri-Young, Lorena Andrea"
47,Glee,6.7,,"Lea Michele, Jane Lynch, Matthew Morrison, Cory Monteith"
48,Kaze to tomo ni sarinu,8.1,,"Clark Gable, Vivien Leigh, Thomas Mitchell, Barbara O'Neil"
49,Sons of Anarchy,8.6,,"Charlie Hunnam, Katey Sagal, Mark Boone Junior, Kim Coates"
50,Suits,8.5,,"Gabriel Macht, Patrick J. Adams, Meghan Markle, Sarah Rafferty"
51,La Casa de Papel,8.4,,"Úrsula Corberó, Álvaro Morte, Itziar Ituño, Pedro Alonso"
52,In the Dark,7.4,,"Perry Mattfeld, Rich Sommer, Brooke Markham, Morgan Krantz"
53,Brave New World,7.0,,"Alden Ehrenreich, Jessica Brown Findlay, Harry Lloyd, Nina Sosanya"
54,Doom Patrol,8.0,,"Diane Guerrero, April Bowlby, Matt Bomer, Brendan Fraser"
55,For All Mankind,7.5,,"Joel Kinnaman, Michael Dorman, Jodi Balfour, Wrenn Schmidt"
56,The Sopranos,9.2,,"James Gandolfini, Lorraine Bracco, Edie Falco, Michael Imperioli"
57,Outlander,8.4,,"Caitriona Balfe, Sam Heughan, Duncan Lacroix, Sophie Skelton"
58,The Last Kingdom,8.4,,"Alexander Dreymon, Eliza Butterworth, Ian Hart, Arnas Fedaravicius"
59,The Big Bang Theory,8.1,,"Johnny Galecki, Jim Parsons, Kaley Cuoco, Simon Helberg"
60,New Girl,7.7,,"Zooey Deschanel, Jake Johnson, Max Greenfield, Hannah Simone"
61,The Mandalorian,8.7,,"Pedro Pascal, Carl Weathers, Rio Hackford, Gina Carano"
62,The Walking Dead: World Beyond,,,"Annet Mahendru, Aliyah Royale, Nico Tortorella, Joe Holt"
63,Double World,6.1,Teddy Chan,"Henry Lau, Mark Cheng, Peter Ho, Ming Hu"
64,Dark Desire,6.4,,"Maite Perroni, María Fernanda Yepes, Erik Hayser, Jorge Poza"
65,The Gentlemen,7.9,Guy Ritchie,"Matthew McConaughey, Charlie Hunnam, Michelle Dockery, Jeremy Strong"
66,Animal Crackers,5.8,,"Emily Blunt, Danny DeVito, John Krasinski, Ian McKellen"
67,Better Call Saul,8.7,,"Bob Odenkirk, Rhea Seehorn, Jonathan Banks, Patrick Fabian"
68,Shôshanku no sora ni,9.3,Frank Darabont,"Tim Robbins, Morgan Freeman, Bob Gunton, William Sadler"
69,Hanna,7.5,,"Esme Creed-Miles, Mireille Enos, Joel Kinnaman, Yasmin Monet Prince"
70,Brooklyn Nine-Nine,8.4,,"Andy Samberg, Stephanie Beatriz, Terry Crews, Melissa Fumero"
71,ウィッチャー,8.2,,"Henry Cavill, Freya Allan, Anya Chalotra, Mimi Ndiweni"
72,Snowpiercer,6.7,,"Jennifer Connelly, Daveed Diggs, Mickey Sumner, Alison Wright"
73,Once Upon a Time... in Hollywood,7.7,Quentin Tarantino,"Leonardo DiCaprio, Brad Pitt, Margot Robbie, Emile Hirsch"
74,Black Mirror,8.8,,"Daniel Lapaine, Hannah John-Kamen, Michaela Coel, Beatrice Robertson-Jones"
75,Love,6.1,Gaspar Noé,"Aomi Muyock, Karl Glusman, Klara Kristin, Juan Saavedra"
76,Goddofâzâ,9.2,Francis Ford Coppola,"Marlon Brando, Al Pacino, James Caan, Diane Keaton"
77,Succession,8.5,,"Hiam Abbass, Nicholas Braun, Brian Cox, Kieran Culkin"
78,Avatar: The Last Airbender,9.2,,"Zach Tyler, Jack De Sena, Dee Bradley Baker, Mae Whitman"
79,Westworld,8.7,,"Evan Rachel Wood, Jeffrey Wright, Ed Harris, Thandie Newton"
80,"Yes, God, Yes",5.9,Karen Maine,"Christian Adam, Susan Blackwell, Alisha Boe, Donna Lynne Champlin"
81,Law & Order: Special Victims Unit,8.0,,"Mariska Hargitay, Christopher Meloni, Ice-T, Dann Florek"
82,The Blacklist,8.0,,"James Spader, Megan Boone, Diego Klattenhoff, Ryan Eggold"
83,House M.D.,8.7,,"Hugh Laurie, Omar Epps, Robert Sean Leonard, Jesse Spencer"
84,Lost,8.3,,"Jorge Garcia, Josh Holloway, Yunjin Kim, Evangeline Lilly"
85,The Outpost,6.7,Rod Lurie,"Orlando Bloom, Celina Sinden, Scott Eastwood, Caleb Landry Jones"
86,American Horror Story,8.0,,"Lady Gaga, Kathy Bates, Angela Bassett, Sarah Paulson"
87,Zack Snyder's Justice League,,Zack Snyder,"Amber Heard, Henry Cavill, Connie Nielsen, Jason Momoa"
88,Dune,,Denis Villeneuve,"Rebecca Ferguson, Zendaya, Jason Momoa, Timothée Chalamet"
89,Kajillionaire,5.6,Miranda July,"Evan Rachel Wood, Gina Rodriguez, Debra Winger, Richard Jenkins"
90,The Vampire Diaries,7.7,,"Nina Dobrev, Paul Wesley, Ian Somerhalder, Kat Graham"
91,Absentia,7.3,,"Stana Katic, Patrick Heusinger, Neil Jackson, Paul Freeman"
92,His Dark Materials,7.9,,"Dafne Keen, Kit Connor, Amir Wilson, Andrew Scott"
93,NCIS: Naval Criminal Investigative Service,7.8,,"Mark Harmon, David McCallum, Sean Murray, Pauley Perrette"
94,Joker,8.5,Todd Phillips,"Joaquin Phoenix, Robert De Niro, Zazie Beetz, Frances Conroy"
95,Fargo,8.9,,"Billy Bob Thornton, Martin Freeman, Allison Tolman, Colin Hanks"
96,The Handmaid's Tale,8.5,,"Elisabeth Moss, Amanda Brugel, Madeline Brewer, Max Minghella"
97,Stargirl,7.3,,"Brec Bassinger, Yvette Monreal, Anjelika Washington, Trae Romano"
98,Parasaito: Hanchika no kazoku,8.6,Bong Joon Ho,"Kang-ho Song, Sun-kyun Lee, Yeo-jeong Jo, Woo-sik Choi"
99,After,5.4,Jenny Gage,"Josephine Langford, Hero Fiennes Tiffin, Khadijha Red Thunder, Dylan Arnold"
100,Motherless Brooklyn,6.8,Edward Norton,"Edward Norton, Gugu Mbatha-Raw, Alec Baldwin, Willem Dafoe"
101,Avengers: Endgame,8.4,,"Robert Downey Jr., Chris Evans, Mark Ruffalo, Chris Hemsworth"
102,The Sinner,8.0,,"Bill Pullman, Dohn Norwood, Adam LeFevre, Jessica Biel"
103,The Wire,9.3,,"Dominic West, Lance Reddick, Sonja Sohn, Wendell Pierce"
104,Parks and Recreation,8.6,,"Amy Poehler, Jim O'Heir, Nick Offerman, Chris Pratt"
105,Homeland,8.3,,"Claire Danes, Mandy Patinkin, Damian Lewis, Rupert Friend"
106,MILF,4.7,Axelle Laffont,"Marie-Josée Croze, Virginie Ledoyen, Axelle Laffont, Waël Sersoub"
107,Sherlock,9.1,,"Benedict Cumberbatch, Martin Freeman, Una Stubbs, Rupert Graves"
108,Target Number One,6.1,Daniel Roby,"Antoine Olivier Pilon, Josh Hartnett, Stephen McHattie, Jim Gaffigan"
109,Buffy the Vampire Slayer,8.2,,"Sarah Michelle Gellar, Nicholas Brendon, Alyson Hannigan, Anthony Head"
110,Rick and Morty,9.2,,"Justin Roiland, Chris Parnell, Spencer Grammer, Sarah Chalke"
111,The Silencing,6.0,Robin Pront,"Nikolaj Coster-Waldau, Caleb Ellsworth-Clark, Josh Cruddas, Annabelle Wallis"
112,Doctor Who,8.6,,"Jodie Whittaker, Peter Capaldi, Pearl Mackie, Matt Smith"
113,Dexter,8.6,,"Michael C. Hall, Jennifer Carpenter, David Zayas, James Remar"
114,Raat Akeli Hai,7.5,Honey Trehan,"Nawazuddin Siddiqui, Radhika Apte, Aditya Srivastav, Padmavati Rao"
115,How I Met Your Mother,8.3,,"Josh Radnor, Jason Segel, Cobie Smulders, Neil Patrick Harris"
116,Train to Busan 2,6.0,Sang-ho Yeon,"Dong-Won Gang, Jung-hyun Lee, John D. Michaels, Daniel Joey Albright"
117,Hannibal,8.5,,"Hugh Dancy, Mads Mikkelsen, Caroline Dhavernas, Laurence Fishburne"
118,Ford v Ferrari,8.1,James Mangold,"Matt Damon, Christian Bale, Jon Bernthal, Caitriona Balfe"
119,What We Do in the Shadows,8.5,,"Kayvan Novak, Matt Berry, Natasia Demetriou, Harvey Guillén"
120,Unhinged,6.2,Derrick Borte,"Russell Crowe, Jimmi Simpson, Caren Pistorius, Gabriel Bateman"
121,How to Sell Drugs Online (Fast),7.9,,"Maximilian Mundt, Danilo Kamber, Lena Klenke, Damian Hardung"
122,The Morning Show,8.4,,"Jennifer Aniston, Reese Witherspoon, Desean Terry, Victoria Tate"
123,How to Get Away with Murder,8.1,,"Viola Davis, Billy Brown, Jack Falahee, Aja Naomi King"
124,The Wolf of Wall Street,8.2,Martin Scorsese,"Leonardo DiCaprio, Jonah Hill, Margot Robbie, Matthew McConaughey"
125,13 Reasons Why,7.7,,"Dylan Minnette, Katherine Langford, Christian Navarro, Alisha Boe"
126,Downton Abbey,8.7,,"Hugh Bonneville, Phyllis Logan, Elizabeth McGovern, Brendan Coyle"
127,The Crown,8.7,,"Claire Foy, Olivia Colman, Imelda Staunton, Matt Smith"
128,Black Is King,5.6,,"Folajomi 'FJ' Akinmurele, Aweng Ade-Chuol, Adut Akech, Yemi Alade"
129,Solo: A Star Wars Story,6.9,Ron Howard,"Alden Ehrenreich, Woody Harrelson, Emilia Clarke, Donald Glover"
130,Prison Break,8.3,,"Dominic Purcell, Wentworth Miller, Amaury Nolasco, Robert Knepper"
131,Doctor Sleep,7.4,Mike Flanagan,"Ewan McGregor, Rebecca Ferguson, Kyliegh Curran, Cliff Curtis"
132,The New Mutants,,Josh Boone,"Maisie Williams, Anya Taylor-Joy, Charlie Heaton, Blu Hunt"
133,Midway,6.7,Roland Emmerich,"Ed Skrein, Patrick Wilson, Woody Harrelson, Luke Evans"
134,Ofrenda a la tormenta,6.2,Fernando González Molina,"Marta Etura, Leonardo Sbaraglia, Nene, Francesc Orella"
135,Queen of the South,7.9,,"Alice Braga, Hemky Madera, Peter Gadiot, Veronica Falcón"
136,Wonder Woman 1984,,Patty Jenkins,"Connie Nielsen, Pedro Pascal, Gal Gadot, Chris Pine"
137,Bones,7.8,,"Emily Deschanel, David Boreanaz, Michaela Conlin, T.J. Thyne"
138,Midsommar,7.1,Ari Aster,"Florence Pugh, Jack Reynor, Vilhelm Blomgren, William Jackson Harper"
139,Charlie's Angels,4.7,Elizabeth Banks,"Kristen Stewart, Naomi Scott, Ella Balinska, Elizabeth Banks"
140,Blindspot,7.4,,"Sullivan Stapleton, Jaimie Alexander, Audrey Esparza, Ashley Johnson"
141,Normal People,8.6,,"Daisy Edgar-Jones, Paul Mescal, Desmond Eastwood, Aislín McGuckin"
142,Harry Potter and the Sorcerer's Stone,7.6,Chris Columbus,"Daniel Radcliffe, Rupert Grint, Richard Harris, Maggie Smith"
143,The Flash,7.7,,"Grant Gustin, Candice Patton, Danielle Panabaker, Carlos Valdes"
144,The Invisible Man,7.1,Leigh Whannell,"Elisabeth Moss, Oliver Jackson-Cohen, Harriet Dyer, Aldis Hodge"
145,Midsomer Murders,7.7,,"John Nettles, Jane Wymark, Barry Jackson, Jason Hughes"
146,Fear the Walking Dead,6.9,,"Kim Dickens, Frank Dillane, Cliff Curtis, Rubén Blades"
147,Once Upon a Time,7.7,,"Ginnifer Goodwin, Jennifer Morrison, Lana Parrilla, Robert Carlyle"
148,Gilmore Girls,8.1,,"Lauren Graham, Alexis Bledel, Keiko Agena, Scott Patterson"
149,The F**k-It List,5.1,Michael Duggan,"Eli Brown, Madison Iseman, Marcus Scribner, Karan Brar"
150,Back to the Future,8.5,Robert Zemeckis,"Michael J. Fox, Christopher Lloyd, Lea Thompson, Crispin Glover"
151,1917,8.3,Sam Mendes,"Dean-Charles Chapman, George MacKay, Daniel Mays, Colin Firth"
152,True Detective,9.0,,"Vince Vaughn, Colin Farrell, Rachel McAdams, Taylor Kitsch"
153,Relic,5.9,Natalie Erika James,"Emily Mortimer, Robyn Nevin, Bella Heathcote, Jeremy Stanford"
154,Mindhunter,8.6,,"Jonathan Groff, Holt McCallany, Anna Torv, Hannah Gross"
155,Star Trek: The Next Generation,8.6,,"Patrick Stewart, Brent Spiner, Jonathan Frakes, LeVar Burton"
156,Helstrom,,,"Kyle Warren, Xavier De Salaberry, Fiona Dourif, Arkie Kandola"
157,Sukotto Pirugurimu vs. Jaaku na Moto Kare Gundan,7.5,Edgar Wright,"Michael Cera, Mary Elizabeth Winstead, Kieran Culkin, Anna Kendrick"
158,Koma,6.3,Nikita Argunov,"Rinal Mukhametov, Lyubov Aksyonova, Anton Pampushnyy, Milos Bikovic"
159,Stateless,7.5,,"Yvonne Strahovski, Jai Courtney, Asher Keddie, Fayssal Bazzi"
160,Interstellar,8.6,Christopher Nolan,"Matthew McConaughey, Anne Hathaway, Jessica Chastain, Mackenzie Foy"
161,Billions,8.4,,"Paul Giamatti, Damian Lewis, Maggie Siff, David Costabile"
162,Inception,8.8,Christopher Nolan,"Leonardo DiCaprio, Joseph Gordon-Levitt, Ellen Page, Ken Watanabe"
163,Mad Men,8.6,,"Jon Hamm, Elisabeth Moss, Vincent Kartheiser, January Jones"
164,Psych,8.3,,"James Roday Rodriguez, Dulé Hill, Timothy Omundson, Corbin Bernsen"
165,It's Always Sunny in Philadelphia,8.8,,"Charlie Day, Glenn Howerton, Rob McElhenney, Kaitlin Olson"
166,Pride & Prejudice,7.8,Joe Wright,"Keira Knightley, Matthew Macfadyen, Brenda Blethyn, Donald Sutherland"
167,Dead to Me,8.0,,"Christina Applegate, Linda Cardellini, Sam McCarthy, Luke Roessler"
168,Chhichhore,8.2,Nitesh Tiwari,"Sushant Singh Rajput, Shraddha Kapoor, Varun Sharma, Prateik"
169,Radioactive,6.1,Marjane Satrapi,"Rosamund Pike, Yvette Feuer, Mirjam Novak, Ralph Berkin"
170,Dâku naito,9.0,Christopher Nolan,"Christian Bale, Heath Ledger, Aaron Eckhart, Michael Caine"
171,Transformers: War for Cybertron,7.7,,"Jason Marnocha, Jake Foushee, Linsay Rousseau, Frank Todaro"
172,Extraction,6.7,Sam Hargrave,"Chris Hemsworth, Bryon Lerum, Ryder Lerum, Rudhraksh Jaiswal"
173,Little Women,7.9,Greta Gerwig,"Saoirse Ronan, Emma Watson, Florence Pugh, Eliza Scanlen"
174,Las Vegas,7.4,,"Josh Duhamel, James Caan, James Lesure, Vanessa Marcil"
175,The Hunt,6.5,Craig Zobel,"Betty Gilpin, Hilary Swank, Ike Barinholtz, Wayne Duvall"
176,Mr. Robot,8.5,,"Rami Malek, Christian Slater, Carly Chaikin, Martin Wallström"
177,Arrow,7.5,,"Stephen Amell, Katie Cassidy, David Ramsey, Susanna Thompson"
178,Killing Eve,8.3,,"Jodie Comer, Sandra Oh, Fiona Shaw, Kim Bodnia"
179,Sukubi do~u,5.7,Tony Cervone,"Will Forte, Mark Wahlberg, Jason Isaacs, Gina Rodriguez"
180,This Is Us,8.7,,"Milo Ventimiglia, Mandy Moore, Sterling K. Brown, Chrissy Metz"
181,BlacKkKlansman,7.5,Spike Lee,"John David Washington, Adam Driver, Laura Harrier, Topher Grace"
182,Uncut Gems,7.4,,"Adam Sandler, Julia Fox, Idina Menzel, Mesfin Lamengo"
183,Seinfeld,8.8,,"Jerry Seinfeld, Julia Louis-Dreyfus, Michael Richards, Jason Alexander"
184,Wynonna Earp,7.4,,"Melanie Scrofano, Tim Rozon, Dominique Provost-Chalkley, Katherine Barrell"
185,Condor,7.8,,"Max Irons, Kristen Hager, Bob Balaban, Sam McCarthy"
186,Shakuntala Devi,6.3,Anu Menon,"Vidya Balan, Sanya Malhotra, Jishu Sengupta, Amit Sadh"
187,Sex Education,8.3,,"Asa Butterfield, Gillian Anderson, Ncuti Gatwa, Emma Mackey"
188,X-Fairu,8.6,,"David Duchovny, Gillian Anderson, Mitch Pileggi, William B. Davis"
189,Riverdale,7.0,,"K.J. Apa, Lili Reinhart, Camila Mendes, Cole Sprouse"
190,ER,7.7,,"Anthony Edwards, George Clooney, Julianna Margulies, Eriq La Salle"
191,The Expanse,8.5,,"Steven Strait, Cas Anvar, Dominique Tipper, Wes Chatham"
192,Amulet,4.5,Romola Garai,"Carla Juri, Alec Secareanu, Imelda Staunton, Anah Ruddin"
193,The Simpsons,8.7,,"Dan Castellaneta, Nancy Cartwright, Harry Shearer, Julie Kavner"
194,グラディエーター,8.5,Ridley Scott,"Russell Crowe, Joaquin Phoenix, Connie Nielsen, Oliver Reed"
195,Trolls World Tour,6.1,,"Anna Kendrick, Justin Timberlake, Rachel Bloom, James Corden"
196,Clueless,6.8,Amy Heckerling,"Alicia Silverstone, Stacey Dash, Brittany Murphy, Paul Rudd"
197,Vivarium,5.8,Lorcan Finnegan,"Imogen Poots, Danielle Ryan, Molly McCann, Jesse Eisenberg"
198,Endeavour,8.6,,"Shaun Evans, Roger Allam, James Bradshaw, Sean Rigby"
199,P-Valley,5.6,,"Brandee Evans, Nicco Annan, Shannon Thornton, Elarica Johnson"
0,Star Wars: Episode IX - The Rise of Skywalker,6.6,J.J. Abrams,"Daisy Ridley, John Boyega, Oscar Isaac, Adam Driver"
1,Prodigal Son,7.7,,"Tom Payne, Lou Diamond Phillips, Halston Sage, Aurora Perrineau"
2,The King of Staten Island,7.2,Judd Apatow,"Pete Davidson, Bel Powley, Ricky Velez, Lou Wilson"
3,The Big Ugly,4.2,Scott Wiper,"Vinnie Jones, Malcolm McDowell, Ron Perlman, Nicholas Braun"
4,Two and a Half Men,7.0,,"Jon Cryer, Ashton Kutcher, Angus T. Jones, Conchata Ferrell"
5,Jumanji: The Next Level,6.7,Jake Kasdan,"Dwayne Johnson, Jack Black, Kevin Hart, Karen Gillan"
6,The Marvelous Mrs. Maisel,8.7,,"Rachel Brosnahan, Alex Borstein, Michael Zegen, Marin Hinkle"
7,Outer Banks,7.6,,"Chase Stokes, Madelyn Cline, Madison Bailey, Jonathan Daviss"
8,The Great,8.1,,"Elle Fanning, Nicholas Hoult, Phoebe Fox, Sacha Dhawan"
9,Jack Ryan,8.1,,"John Krasinski, Wendell Pierce, John Hoogenakker, Abbie Cornish"
10,Bosch,8.4,,"Titus Welliver, Jamie Hector, Amy Aquino, Lance Reddick"
11,The West Wing,8.8,,"Martin Sheen, Rob Lowe, Allison Janney, John Spencer"
12,No Time to Die,,Cary Joji Fukunaga,"Ana de Armas, Daniel Craig, Léa Seydoux, Ralph Fiennes"
13,The Order,6.8,,"Jake Manley, Sarah Grey, Adam DiMarco, Louriza Tronco"
14,Shining,8.4,Stanley Kubrick,"Jack Nicholson, Shelley Duvall, Danny Lloyd, Scatman Crothers"
15,ライン・オブ・デューティ,8.6,,"Martin Compston, Vicky McClure, Adrian Dunbar, Craig Parkinson"
16,Breathe: Into the Shadows,7.8,,"Abhishek Bachchan, Nithya Menen, Amit Sadh, Ivana Kaur"
17,The Godfather: Part II,9.0,Francis Ford Coppola,"Al Pacino, Robert De Niro, Robert Duvall, Diane Keaton"
18,The Outsider,7.9,,"Ben Mendelsohn, Bill Camp, Jeremy Bobb, Mare Winningham"
19,Scrubs,8.3,,"Zach Braff, Donald Faison, Sarah Chalke, John C. McGinley"
20,Birds of Prey: And the Fantabulous Emancipation of One Harley Quinn,6.1,Cathy Yan,"Margot Robbie, Rosie Perez, Mary Elizabeth Winstead, Jurnee Smollett"
21,The Batman,,Matt Reeves,"Robert Pattinson, Colin Farrell, Zoë Kravitz, Andy Serkis"
22,Chicago P.D.,8.1,,"Jason Beghe, Jesse Lee Soffer, Patrick John Flueger, Marina Squerciati"
23,Terminator: Dark Fate,6.2,Tim Miller,"Linda Hamilton, Arnold Schwarzenegger, Mackenzie Davis, Natalia Reyes"
24,24,8.3,,"Kiefer Sutherland, Mary Lynn Rajskub, Carlos Bernard, Dennis Haysbert"
25,Orange Is the New Black,8.1,,"Taylor Schilling, Danielle Brooks, Taryn Manning, Emma Myles"
26,Truth Seekers,,,"Emma D'Arcy, Nick Frost, Samson Kayo, Malcolm McDowell"
27,Spotlight,8.1,Tom McCarthy,"Mark Ruffalo, Michael Keaton, Rachel McAdams, Liev Schreiber"
28,Chicago Fire,7.9,,"Jesse Spencer, Taylor Kinney, Christian Stolte, Eamonn Walker"
29,The Mentalist,8.1,,"Simon Baker, Robin Tunney, Tim Kang, Owain Yeoman"
30,Ad Astra,6.6,James Gray,"Brad Pitt, Tommy Lee Jones, Ruth Negga, Donald Sutherland"
31,Mulan,,Niki Caro,"Yifei Liu, Donnie Yen, Li Gong, Jet Li"
32,Jojo Rabbit,7.9,Taika Waititi,"Roman Griffin Davis, Thomasin McKenzie, Scarlett Johansson, Taika Waititi"
33,Merlin,7.9,,"John Hurt, Colin Morgan, Bradley James, Richard Wilson"
34,Pulp Fiction,8.9,Quentin Tarantino,"John Travolta, Uma Thurman, Samuel L. Jackson, Bruce Willis"
35,Bad Boys for Life,6.7,,"Will Smith, Martin Lawrence, Vanessa Hudgens, Alexander Ludwig"
36,Sala samobójców. Hejter,7.1,Jan Komasa,"Maciej Musialowski, Vanessa Aleksander, Danuta Stenka, Jacek Koman"
37,Die Hart,6.3,,"Kevin Hart, John Travolta, Nathalie Emmanuel, Jean Reno"
38,"Three Billboards Outside Ebbing, Missouri",8.2,Martin McDonagh,"Frances McDormand, Woody Harrelson, Sam Rockwell, Caleb Landry Jones"
39,I May Destroy You,7.9,,"Michaela Coel, Weruche Opia, Paapa Essiedu, Stephen Wight"
40,Archive,6.3,Gavin Rothery,"Theo James, Stacy Martin, Rhona Mitra, Peter Ferdinando"
41,Rôdo obu za ringu,8.8,Peter Jackson,"Elijah Wood, Ian McKellen, Orlando Bloom, Sean Bean"
42,Shingeki no kyojin,8.8,,"Marina Inoue, Yûki Kaji, Yui Ishikawa, Josh Grelle"
43,Jurashikku pâku,8.1,Steven Spielberg,"Sam Neill, Laura Dern, Jeff Goldblum, Richard Attenborough"
44,Hart of Dixie,7.7,,"Rachel Bilson, Jaime King, Cress Williams, Wilson Bethel"
45,It Chapter Two,6.6,Andy Muschietti,"Jessica Chastain, James McAvoy, Bill Hader, Isaiah Mustafa"
46,Money Plane,3.2,Andrew Lawrence,"Adam Copeland, Kelsey Grammer, Thomas Jane, Denise Richards"
47,Ratched,,,"Sarah Paulson, Alfred Rubin Thompson, Judy Davis, Harriet Sansom Harris"
48,Yip Man 4,7.1,Wilson Yip,"Donnie Yen, Scott Adkins, Danny Kwok-Kwan Chan, Vanness Wu"
49,Teen Wolf,7.6,,"Tyler Posey, Holland Roden, Dylan O'Brien, Linden Ashby"
50,Star Trek: Deep Space Nine,7.9,,"Avery Brooks, Rene Auberjonois, Cirroc Lofton, Alexander Siddig"
51,X-Men: Apocalypse,6.9,Bryan Singer,"James McAvoy, Michael Fassbender, Jennifer Lawrence, Nicholas Hoult"
52,Sweet Magnolias,7.4,,"JoAnna Garcia Swisher, Brooke Elliott, Heather Headley, Logan Allen"
53,The Originals,8.2,,"Joseph Morgan, Daniel Gillies, Claire Holt, Phoebe Tonkin"
54,Gotham,7.8,,"Ben McKenzie, Jada Pinkett Smith, Donal Logue, Camren Bicondova"
55,BoJack Horseman,8.7,,"Will Arnett, Amy Sedaris, Alison Brie, Aaron Paul"
56,The Good Place,8.2,,"Kristen Bell, William Jackson Harper, Jameela Jamil, D'Arcy Carden"
57,The Irishman,7.9,Martin Scorsese,"Robert De Niro, Al Pacino, Joe Pesci, Harvey Keitel"
58,Designated Survivor,7.5,,"Kiefer Sutherland, Adan Canto, Italia Ricci, Kal Penn"
59,Towairaito - Hatsukoi,5.2,Catherine Hardwicke,"Kristen Stewart, Robert Pattinson, Billy Burke, Sarah Clarke"
60,Wentworth,8.6,,"Kate Atkinson, Katrina Milosevic, Robbie Magasiva, Jacqueline Brennan"
61,One Tree Hill,7.7,,"Chad Michael Murray, James Lafferty, Hilarie Burton, Bethany Joy Lenz"
62,Death in Paradise,7.8,,"Danny John-Jules, Elizabeth Bourgine, Don Warrington, Tobi Bakare"
63,Law & Order,7.7,,"Jerry Orbach, Jesse L. Martin, Dennis Farina, S. Epatha Merkerson"
64,ザ・グッド・ドクター,8.2,,"Freddie Highmore, Antonia Thomas, Hill Harper, Richard Schiff"
65,Sunôpiasâ,7.1,Bong Joon Ho,"Chris Evans, Jamie Bell, Tilda Swinton, Ed Harris"
66,Heartland,8.4,,"Amber Marshall, Shaun Johnston, Graham Wardle, Michelle Morgan"
67,YOU ー君がすべてー,7.8,,"Penn Badgley, Ambyr Childers, Victoria Pedretti, Elizabeth Lail"
68,Blade Runner 2049,8.0,Denis Villeneuve,"Harrison Ford, Ryan Gosling, Ana de Armas, Dave Bautista"
69,The Post,7.2,Steven Spielberg,"Meryl Streep, Tom Hanks, Sarah Paulson, Bob Odenkirk"
70,Gossip Girl,7.4,,"Blake Lively, Leighton Meester, Penn Badgley, Ed Westwick"
71,Hawaii Five-0,7.3,,"Alex O'Loughlin, Scott Caan, Taylor Wily, Daniel Dae Kim"
72,Ready or Not,6.8,,"Samara Weaving, Adam Brody, Mark O'Brien, Henry Czerny"
73,Gangs of London,8.2,,"Ray Panthaki, Joe Cole, Lucian Msamati, Paapa Essiedu"
74,The Politician,7.5,,"Ben Platt, Zoey Deutch, Lucy Boynton, Julia Schlaepfer"
75,Narcos,8.8,,"Pedro Pascal, Wagner Moura, Boyd Holbrook, Alberto Ammann"
76,The Secret: Dare to Dream,6.2,Andy Tennant,"Katie Holmes, Josh Lucas, Jerry O'Connell, Celia Weston"
77,Mortal Engines,6.1,Christian Rivers,"Hera Hilmar, Robert Sheehan, Hugo Weaving, Jihae"
78,Hitsujitachi no Chinmoku,8.6,Jonathan Demme,"Jodie Foster, Anthony Hopkins, Lawrence A. Bonney, Kasi Lemmons"
79,Desperados,5.2,LP,"Nasim Pedrad, Anna Camp, Lamorne Morris, Sarah Burns"
80,Zuutopia,8.0,,"Ginnifer Goodwin, Jason Bateman, Idris Elba, Jenny Slate"
81,Anne,8.7,,"Amybeth McNulty, Geraldine James, R.H. Thomson, Dalila Bela"
82,Moana to Densetsu no Umi,7.6,,"Auli'i Cravalho, Dwayne Johnson, Rachel House, Temuera Morrison"
83,That '70s Show,8.1,,"Topher Grace, Laura Prepon, Mila Kunis, Danny Masterson"
84,Titanic,7.8,James Cameron,"Leonardo DiCaprio, Kate Winslet, Billy Zane, Kathy Bates"
85,Person of Interest,8.4,,"Jim Caviezel, Taraji P. Henson, Kevin Chapman, Michael Emerson"
86,Ana to Yuki no Joou 2,6.9,,"Kristen Bell, Idina Menzel, Josh Gad, Jonathan Groff"
87,Caddyshack,7.3,Harold Ramis,"Chevy Chase, Rodney Dangerfield, Bill Murray, Ted Knight"
88,Spartacus: Blood and Sand,8.5,,"Andy Whitfield, Lucy Lawless, Manu Bennett, Daniel Feuerriegel"
89,You Should Have Left,5.3,David Koepp,"Kevin Bacon, Amanda Seyfried, Avery Tiiu Essex, Colin Blumenau"
90,Mad Max: Fury Road,8.1,George Miller,"Tom Hardy, Charlize Theron, Nicholas Hoult, Zoë Kravitz"
91,Upload,8.0,,"Robbie Amell, Andy Allo, Zainab Johnson, Kevin Bigley"
92,The Haunting of Hill House,8.7,,"Michiel Huisman, Carla Gugino, Henry Thomas, Elizabeth Reaser"
93,Justified,8.6,,"Timothy Olyphant, Nick Searcy, Joelle Carter, Jacob Pitts"
94,The Lighthouse,7.6,Robert Eggers,"Robert Pattinson, Willem Dafoe, Valeriia Karaman, Logan Hawkes"
95,The Lion King,6.9,Jon Favreau,"Donald Glover, Beyoncé, Seth Rogen, Chiwetel Ejiofor"
96,Space Force,6.8,,"Steve Carell, John Malkovich, Ben Schwartz, Diana Silvers"
97,House of Cards,8.7,,"Kevin Spacey, Michel Gill, Robin Wright, Kate Mara"
98,Broadchurch,8.4,,"David Tennant, Olivia Colman, Jodie Whittaker, Andrew Buchan"
99,The Legend of Korra,8.4,,"Janet Varney, P.J. Byrne, David Faustino, J.K. Simmons"
100,Bombshell,6.8,Jay Roach,"Charlize Theron, Nicole Kidman, Margot Robbie, John Lithgow"
101,Pitch Perfect,7.2,Jason Moore,"Anna Kendrick, Brittany Snow, Rebel Wilson, Anna Camp"
102,Arrested Development,8.7,,"Jason Bateman, Michael Cera, Portia de Rossi, Will Arnett"
103,Penny Dreadful: City of Angels,6.1,,"Natalie Dormer, Daniel Zovatto, Kerry Bishé, Adriana Barraza"
104,Ready Player One,7.5,Steven Spielberg,"Tye Sheridan, Olivia Cooke, Ben Mendelsohn, Lena Waithe"
105,Animal Kingdom,8.2,,"Shawn Hatosy, Ben Robson, Jake Weary, Finn Cole"
106,True Blood,7.8,,"Anna Paquin, Stephen Moyer, Sam Trammell, Ryan Kwanten"
107,Guddoferozu,8.7,Martin Scorsese,"Robert De Niro, Ray Liotta, Joe Pesci, Lorraine Bracco"
108,Inglourious Basterds,8.3,Quentin Tarantino,"Brad Pitt, Diane Kruger, Eli Roth, Mélanie Laurent"
109,Puresutêji,8.5,Christopher Nolan,"Christian Bale, Hugh Jackman, Scarlett Johansson, Michael Caine"
110,Guns Akimbo,6.3,Jason Lei Howden,"Samara Weaving, Daniel Radcliffe, Rhys Darby, Ned Dennehy"
111,Tell Me a Story,7.2,,"Danielle Campbell, Paul Wesley, James Wolk, Billy Magnussen"
112,Young Superman,7.5,,"Tom Welling, Michael Rosenbaum, Allison Mack, Kristin Kreuk"
113,Watchmen,7.6,Zack Snyder,"Jackie Earle Haley, Patrick Wilson, Carla Gugino, Malin Akerman"
114,Star Trek: Discovery,7.3,,"Sonequa Martin-Green, Doug Jones, Anthony Rapp, Mary Wiseman"
115,Motherland: Fort Salem,7.1,,"Taylor Hickson, Amalia Holm, Demetria McKinney, Jessica Sutton"
116,Supergirl,6.3,,"Melissa Benoist, Chyler Leigh, David Harewood, Mehcad Brooks"
117,Bad Education,7.1,Cory Finley,"Hugh Jackman, Ray Romano, Welker White, Allison Janney"
118,A Suitable Boy,5.6,,"Tanya Maniktala, Ishaan Khattar, Vivek Gomber, Shubham Saraf"
119,Gurîn Mairu,8.6,Frank Darabont,"Tom Hanks, Michael Clarke Duncan, David Morse, Bonnie Hunt"
120,Fatal Affair,4.4,Peter Sullivan,"Nia Long, Omar Epps, Stephen Bishop, Aubrey Cleland"
121,Top Gun: Maverick,,Joseph Kosinski,"Tom Cruise, Jennifer Connelly, Val Kilmer, Jon Hamm"
122,Pairêtsu Obu Karibian: Saigo no Kaizoku,6.6,,"Johnny Depp, Geoffrey Rush, Javier Bardem, Orlando Bloom"
123,Family Guy,8.1,,"Seth MacFarlane, Alex Borstein, Seth Green, Mila Kunis"
124,Perry Mason,8.2,,"Raymond Burr, Barbara Hale, William Hopper, Ray Collins"
125,The Act,8.0,,"Patricia Arquette, Joey King, AnnaSophia Robb, Chloë Sevigny"
126,Hereditary,7.3,Ari Aster,"Toni Collette, Milly Shapiro, Gabriel Byrne, Alex Wolff"
127,The Americans,8.4,,"Keri Russell, Matthew Rhys, Keidrich Sellati, Holly Taylor"
128,Becky,5.7,,"Lulu Wilson, Kevin James, Joel McHale, Robert Maillet"
129,How Do You Know,5.4,James L. Brooks,"Reese Witherspoon, Paul Rudd, Owen Wilson, Jack Nicholson"
130,Matorikkusu,8.7,,"Keanu Reeves, Laurence Fishburne, Carrie-Anne Moss, Hugo Weaving"
131,Little House on the Prairie,7.4,,"Melissa Gilbert, Michael Landon, Karen Grassle, Rachel Lindsay Greenbush"
132,Aquaman,7.0,James Wan,"Jason Momoa, Amber Heard, Willem Dafoe, Patrick Wilson"
133,Star Wars: The Clone Wars,8.2,,"Tom Kane, Dee Bradley Baker, Matt Lanter, James Arnold Taylor"
134,Project Power,,,"Jamie Foxx, Joseph Gordon-Levitt, Dominique Fishback, Rodrigo Santoro"
135,Avengers: Infinity War,8.4,,"Robert Downey Jr., Chris Hemsworth, Mark Ruffalo, Chris Evans"
136,The Goonies,7.8,Richard Donner,"Sean Astin, Josh Brolin, Jeff Cohen, Corey Feldman"
137,Bill & Ted's Excellent Adventure,6.9,Stephen Herek,"Keanu Reeves, Alex Winter, George Carlin, Terry Camilleri"
138,Legends of Tomorrow,6.8,,"Caity Lotz, Amy Louise Pemberton, Dominic Purcell, Brandon Routh"
139,Fight Club,8.8,David Fincher,"Brad Pitt, Edward Norton, Meat Loaf, Zach Grenier"
140,Star Trek: Voyager,7.8,,"Kate Mulgrew, Robert Beltran, Roxann Dawson, Robert Duncan McNeill"
141,Titans,7.8,,"Brenton Thwaites, Teagan Croft, Anna Diop, Ryan Potter"
142,Dâku naito raijingu,8.4,Christopher Nolan,"Christian Bale, Tom Hardy, Anne Hathaway, Gary Oldman"
143,Schindler's List,8.9,Steven Spielberg,"Liam Neeson, Ralph Fiennes, Ben Kingsley, Caroline Goodall"
144,Black Widow,,Cate Shortland,"Florence Pugh, Scarlett Johansson, Robert Downey Jr., Rachel Weisz"
145,Forrest Gump,8.8,Robert Zemeckis,"Tom Hanks, Robin Wright, Gary Sinise, Sally Field"
146,Larry no mid life crisis,8.7,,"Larry David, Cheryl Hines, Jeff Garlin, Susie Essman"
147,Star Trek,8.3,,"William Shatner, Leonard Nimoy, DeForest Kelley, Nichelle Nichols"
148,Big Little Lies,8.5,,"Reese Witherspoon, Nicole Kidman, Shailene Woodley, Zoë Kravitz"
149,Hunters,7.2,,"Al Pacino, Logan Lerman, Lena Olin, Jerrika Hinton"
150,The Chi,7.5,,"Jason Mitchell, Jacob Latimore, Ntare Guma Mbaho Mwine, Alex R. Hibbert"
151,The Wrong Missy,5.7,Tyler Spindel,"David Spade, Lauren Lapkus, Nick Swardson, Geoff Pierson"
152,CSI: Kagaku sôsa han,7.6,,"Laurence Fishburne, Marg Helgenberger, George Eads, Eric Szmanda"
153,2001 nen: Uchuu no Tabi,8.3,Stanley Kubrick,"Keir Dullea, Gary Lockwood, William Sylvester, Daniel Richter"
154,Castle,8.1,,"Nathan Fillion, Stana Katic, Susan Sullivan, Jon Huertas"
155,Dipâteddo,8.5,Martin Scorsese,"Leonardo DiCaprio, Matt Damon, Jack Nicholson, Mark Wahlberg"
156,It,7.3,Andy Muschietti,"Bill Skarsgård, Jaeden Martell, Finn Wolfhard, Sophia Lillis"
157,South Park,8.7,,"Trey Parker, Matt Stone, Isaac Hayes, Mona Marshall"
158,Justice League,6.3,Zack Snyder,"Ben Affleck, Gal Gadot, Jason Momoa, Ezra Miller"
159,6 Underground,6.1,Michael Bay,"Ryan Reynolds, Mélanie Laurent, Manuel Garcia-Rulfo, Ben Hardy"
160,Summerland,6.5,Jessica Swale,"Gemma Arterton, Gugu Mbatha-Raw, Penelope Wilton, Tom Courtenay"
161,The Man in the High Castle,8.0,,"Alexa Davalos, Luke Kleintank, Rufus Sewell, Rupert Evans"
162,Hustlers,6.3,Lorene Scafaria,"Constance Wu, Jennifer Lopez, Julia Stiles, Mette Towley"
163,Fleabag,8.7,,"Phoebe Waller-Bridge, Sian Clifford, Olivia Colman, Jenny Rainsford"
164,Alias,7.6,,"Jennifer Garner, Ron Rifkin, Carl Lumbly, Kevin Weisman"
165,Twin Peaks,8.8,,"Kyle MacLachlan, Michael Ontkean, Mädchen Amick, Dana Ashbrook"
166,Guardians of the Galaxy,8.0,James Gunn,"Chris Pratt, Vin Diesel, Bradley Cooper, Zoe Saldana"
167,Mission: Impossible - Fallout,7.7,Christopher McQuarrie,"Tom Cruise, Henry Cavill, Ving Rhames, Simon Pegg"
168,The Princess Bride,8.1,Rob Reiner,"Cary Elwes, Mandy Patinkin, Robin Wright, Chris Sarandon"
169,Princess Bride,8.1,,"Rob Reiner, Diego Luna, Jack Black, Thomas Lennon"
170,Archer,8.6,,"H. Jon Benjamin, Judy Greer, Amber Nash, Chris Parnell"
171,NOS4A2,6.7,,"Ashleigh Cummings, Ólafur Darri Ólafsson, Jahkara Smith, Ebon Moss-Bachrach"
172,The Assistant,6.1,Kitty Green,"Julia Garner, Owen Holland, Jon Orsini, Rory Kulz"
173,Shameless,8.0,,"David Threlfall, Rebecca Atkinson, Alice Barry, Nicky Evans"
174,Daredevil,8.6,,"Charlie Cox, Vincent D'Onofrio, Deborah Ann Woll, Elden Henson"
175,Kimi ni yomu monogatari,7.8,Nick Cassavetes,"Gena Rowlands, James Garner, Rachel McAdams, Ryan Gosling"
176,Good Boys,6.7,Gene Stupnitsky,"Jacob Tremblay, Keith L. Williams, Brady Noon, Molly Gordon"
177,The Firm,6.8,Sydney Pollack,"Tom Cruise, Jeanne Tripplehorn, Gene Hackman, Hal Holbrook"
178,Guardians of the Galaxy Vol. 2,7.6,James Gunn,"Chris Pratt, Zoe Saldana, Dave Bautista, Vin Diesel"
179,Pirates of the Caribbean: The Curse of the Black Pearl,8.0,Gore Verbinski,"Johnny Depp, Geoffrey Rush, Orlando Bloom, Keira Knightley"
180,Spider-Man: Into the Spider-Verse,8.4,,"Shameik Moore, Jake Johnson, Hailee Steinfeld, Mahershala Ali"
181,Zodiac,7.7,David Fincher,"Jake Gyllenhaal, Robert Downey Jr., Mark Ruffalo, Anthony Edwards"
182,Nô kantorî,8.1,,"Tommy Lee Jones, Javier Bardem, Josh Brolin, Woody Harrelson"
183,Mighty Thor: Battle Royale,7.9,Taika Waititi,"Chris Hemsworth, Tom Hiddleston, Cate Blanchett, Mark Ruffalo"
184,Gone Girl,8.1,David Fincher,"Ben Affleck, Rosamund Pike, Neil Patrick Harris, Tyler Perry"
185,Altered Carbon,8.1,,"Chris Conner, Renée Elise Goldsberry, Will Yun Lee, Dichen Lachman"
186,Columbo,8.2,,"Peter Falk, Mike Lally, John Finnegan, Bruce Kirby"
187,Shin kansen: Fainaru ekusupuresu,7.6,Sang-ho Yeon,"Yoo Gong, Yu-mi Jung, Dong-seok Ma, Su-an Kim"
188,Jozu,8.0,Steven Spielberg,"Roy Scheider, Robert Shaw, Richard Dreyfuss, Lorraine Gary"
189,Rizzoli & Isles,7.6,,"Angie Harmon, Sasha Alexander, Jordan Bridges, Bruce McGill"
190,Biggu ribousuki,8.1,,"Jeff Bridges, John Goodman, Julianne Moore, Steve Buscemi"
191,Django Tsunagarezaru Mono,8.4,Quentin Tarantino,"Jamie Foxx, Christoph Waltz, Leonardo DiCaprio, Kerry Washington"
192,John Wick,7.4,,"Keanu Reeves, Michael Nyqvist, Alfie Allen, Willem Dafoe"
193,Lootcase,7.9,Rajesh Krishnan,"Kunal Khemu, Rasika Dugal, Gajraj Rao, Vijay Raaz"
194,Léon,8.5,Luc Besson,"Jean Reno, Gary Oldman, Natalie Portman, Danny Aiello"
195,The Punisher,8.5,,"Jon Bernthal, Amber Rose Revah, Ben Barnes, Jason R. Moore"
196,Harî Pottâ to shi no hihô: Part 2,8.1,David Yates,"Daniel Radcliffe, Emma Watson, Rupert Grint, Michael Gambon"
197,Catch Me If You Can,8.1,Steven Spielberg,"Leonardo DiCaprio, Tom Hanks, Christopher Walken, Martin Sheen"
198,Abatâ,7.8,James Cameron,"Sam Worthington, Zoe Saldana, Sigourney Weaver, Michelle Rodriguez"
199,My Spy,6.3,Peter Segal,"Dave Bautista, Chloe Coleman, Parisa Fitz-Henley, Kristen Schaal"
0,Portrait de la jeune fille en feu,8.1,Céline Sciamma,"Noémie Merlant, Adèle Haenel, Luàna Bajrami, Valeria Golino"
1,Sebun,8.6,David Fincher,"Morgan Freeman, Brad Pitt, Kevin Spacey, Andrew Kevin Walker"
2,The Greatest Showman,7.6,Michael Gracey,"Hugh Jackman, Michelle Williams, Zac Efron, Zendaya"
3,Zombieland: Double Tap,6.7,Ruben Fleischer,"Woody Harrelson, Jesse Eisenberg, Emma Stone, Abigail Breslin"
4,Harî Pottâ to honoo no goburetto,7.7,Mike Newell,"Daniel Radcliffe, Emma Watson, Rupert Grint, Eric Sykes"
5,Munich,7.5,Steven Spielberg,"Eric Bana, Daniel Craig, Marie-Josée Croze, Ciarán Hinds"
6,Longmire,8.3,,"Robert Taylor, Katee Sackhoff, Lou Diamond Phillips, Cassidy Freeman"
7,Gemini Man,5.7,Ang Lee,"Will Smith, Mary Elizabeth Winstead, Clive Owen, Benedict Wong"
8,Rocketman,7.3,Dexter Fletcher,"Taron Egerton, Jamie Bell, Richard Madden, Bryce Dallas Howard"
9,Besuto kiddo,7.2,John G. Avildsen,"Ralph Macchio, Pat Morita, Elisabeth Shue, Martin Kove"
10,Deadpool,8.0,Tim Miller,"Ryan Reynolds, Morena Baccarin, T.J. Miller, Ed Skrein"
11,Banshee,8.4,,"Antony Starr, Ivana Milicevic, Ulrich Thomsen, Frankie Faison"
12,Emma.,6.7,Autumn de Wilde,"Anya Taylor-Joy, Johnny Flynn, Mia Goth, Angus Imrie"
13,Marcella,7.4,,"Anna Friel, Ray Panthaki, Jack Doolan, Jamie Bamber"
14,NCIS: Los Angeles,6.7,,"Chris O'Donnell, Daniela Ruah, Barrett Foa, Linda Hunt"
15,Banana Split,6.2,Benjamin Kasulke,"Hannah Marks, Liana Liberato, Dylan Sprouse, Luke Spencer Roberts"
16,The Baby-Sitters Club,7.4,,"Sophie Grace, Momona Tamada, Shay Rudolph, Malia Baker"
17,How to Build a Girl,5.8,Coky Giedroyc,"Beanie Feldstein, Cleo, Dónal Finn, Paddy Considine"
18,Porutagaisuto,7.3,Tobe Hooper,"JoBeth Williams, Heather O'Rourke, Craig T. Nelson, Beatrice Straight"
19,Harriet,6.5,Kasi Lemmons,"Cynthia Erivo, Janelle Monáe, Leslie Odom Jr., Joe Alwyn"
20,Love on the Spectrum,8.7,,
21,The Hunger Games,7.2,Gary Ross,"Jennifer Lawrence, Josh Hutcherson, Liam Hemsworth, Stanley Tucci"
22,Charmed,7.1,,"Holly Marie Combs, Alyssa Milano, Brian Krause, Rose McGowan"
23,Alien,8.4,Ridley Scott,"Sigourney Weaver, Tom Skerritt, John Hurt, Veronica Cartwright"
24,Rogue,,M.J. Bassett,"Megan Fox, Jessica Sutton, Calli Taylor, Philip Winchester"
25,Bob's Burgers,8.1,,"H. Jon Benjamin, Dan Mintz, Eugene Mirman, John Roberts"
26,Bloodline,8.0,,"Kyle Chandler, Ben Mendelsohn, Linda Cardellini, Sissy Spacek"
27,Friday Night Lights,8.6,,"Kyle Chandler, Connie Britton, Zach Gilford, Aimee Teegarden"
28,Supaidâman: Fâ Furomu Hômu,7.5,Jon Watts,"Tom Holland, Samuel L. Jackson, Jake Gyllenhaal, Marisa Tomei"
29,Indian Matchmaking,6.0,,"Sima Taparia, Vyasar M. Ganesan, Ankita Bansal, Nadia Jagessar"
30,Desuparêto na tsuma tachi,7.4,,"Teri Hatcher, Felicity Huffman, Marcia Cross, Eva Longoria"
31,The Fault in Our Stars,7.7,Josh Boone,"Shailene Woodley, Ansel Elgort, Nat Wolff, Laura Dern"
32,Black Panther,7.3,Ryan Coogler,"Chadwick Boseman, Michael B. Jordan, Lupita Nyong'o, Danai Gurira"
33,Alita: Battle Angel,7.3,Robert Rodriguez,"Rosa Salazar, Christoph Waltz, Jennifer Connelly, Mahershala Ali"
34,Blue Bloods,7.6,,"Donnie Wahlberg, Bridget Moynahan, Will Estes, Len Cariou"
35,Fantastic Beasts: The Crimes of Grindelwald,6.6,David Yates,"Eddie Redmayne, Katherine Waterston, Dan Fogler, Johnny Depp"
36,Dynasty,7.3,,"Elizabeth Gillies, Rafael de la Fuente, Robert Christopher Riley, Sam Adegoke"
37,Swallow,6.4,Carlo Mirabella-Davis,"Haley Bennett, Austin Stowell, Denis O'Hare, Elizabeth Marvel"
38,The Leftovers,8.3,,"Justin Theroux, Amy Brenneman, Christopher Eccleston, Liv Tyler"
39,Onward,7.4,Dan Scanlon,"Tom Holland, Chris Pratt, Julia Louis-Dreyfus, Octavia Spencer"
40,Fringe,8.4,,"Anna Torv, Joshua Jackson, John Noble, Jasika Nicole"
41,Almost Famous,7.9,Cameron Crowe,"Billy Crudup, Patrick Fugit, Kate Hudson, Frances McDormand"
42,Kimi no namae de Boku wo yonde,7.9,Luca Guadagnino,"Armie Hammer, Timothée Chalamet, Michael Stuhlbarg, Amira Casar"
43,Suicide Squad,6.0,David Ayer,"Will Smith, Jared Leto, Margot Robbie, Viola Davis"
44,"Murder, She Wrote",7.0,,"Angela Lansbury, William Windom, Ron Masak, Louis Herthum"
45,See,7.6,,"Jason Momoa, Sylvia Hoeks, Hera Hilmar, Christian Camargo"
46,Black Sails,8.2,,"Jessica Parker Kennedy, Toby Stephens, Hannah New, Zach McGowan"
47,Jane the Virgin,7.8,,"Gina Rodriguez, Andrea Navedo, Yael Grobglas, Ivonne Coll"
48,Jigoku no mokushiroku,8.4,Francis Ford Coppola,"Martin Sheen, Marlon Brando, Robert Duvall, Frederic Forrest"
49,Eabendâ,4.1,M. Night Shyamalan,"Noah Ringer, Nicola Peltz, Jackson Rathbone, Dev Patel"
50,Kakkou no su no ue de,8.7,Milos Forman,"Jack Nicholson, Louise Fletcher, Will Sampson, Michael Berryman"
51,Fantasy Island,4.9,Jeff Wadlow,"Michael Peña, Maggie Q, Lucy Hale, Austin Stowell"
52,Dunkirk,7.9,Christopher Nolan,"Fionn Whitehead, Barry Keoghan, Mark Rylance, Tom Hardy"
53,Scarface,8.3,Brian De Palma,"Al Pacino, Michelle Pfeiffer, Steven Bauer, Mary Elizabeth Mastrantonio"
54,Baywatch,5.3,,"David Hasselhoff, Pamela Anderson, Yasmine Bleeth, Jeremy Jackson"
55,American Pie,7.0,,"Jason Biggs, Chris Klein, Thomas Ian Nicholas, Jennifer Coolidge"
56,Furaingu Hai,7.7,,"Robert Hays, Julie Hagerty, Leslie Nielsen, Kareem Abdul-Jabbar"
57,Deadpool 2,7.7,David Leitch,"Ryan Reynolds, Josh Brolin, Morena Baccarin, Julian Dennison"
58,Sutashippu to~urupazu,7.2,Paul Verhoeven,"Casper Van Dien, Denise Richards, Dina Meyer, Jake Busey"
59,Omerta,7.2,Hansal Mehta,"Rajkummar Rao, Rajesh Tailang, Satwant Kaur, Blake Allan"
60,Arajin,7.0,Guy Ritchie,"Will Smith, Mena Massoud, Naomi Scott, Marwan Kenzari"
61,Monk,8.0,,"Tony Shalhoub, Jason Gray-Stanford, Ted Levine, Traylor Howard"
62,Her,8.0,Spike Jonze,"Joaquin Phoenix, Amy Adams, Scarlett Johansson, Rooney Mara"
63,Baby Driver,7.6,Edgar Wright,"Ansel Elgort, Jon Bernthal, Jon Hamm, Eiza González"
64,Captain Marvel,6.9,,"Brie Larson, Samuel L. Jackson, Ben Mendelsohn, Jude Law"
65,Znaki,6.2,,"Andrzej Konopka, Helena Sujecka, Magdalena Zak, Michal Czernecki"
66,Grease,7.2,Randal Kleiser,"John Travolta, Olivia Newton-John, Stockard Channing, Jeff Conaway"
67,Feel the Beat,6.3,Elissa Down,"Sofia Carson, Pamela MacDonald, Sonia Laplante, Nayo"
68,Taxi Driver,8.3,Martin Scorsese,"Robert De Niro, Jodie Foster, Cybill Shepherd, Albert Brooks"
69,Get Out,7.7,Jordan Peele,"Daniel Kaluuya, Allison Williams, Bradley Whitford, Catherine Keener"
70,Boku no hîrô akademia,8.5,,"Daiki Yamashita, Justin Briner, Nobuhiko Okamoto, Ayane Sakura"
71,30 Rock,8.2,,"Tina Fey, Alec Baldwin, Tracy Morgan, Jack McBrayer"
72,Stand by Me,8.1,Rob Reiner,"Wil Wheaton, River Phoenix, Corey Feldman, Jerry O'Connell"
73,Ghosts of War,5.4,Eric Bress,"Brenton Thwaites, Theo Rossi, Kyle Gallner, Skylar Astin"
74,Room,8.1,Lenny Abrahamson,"Brie Larson, Jacob Tremblay, Sean Bridgers, Wendy Crewson"
75,Devil's Gate,5.1,Clay Staub,"Amanda Schull, Shawn Ashmore, Milo Ventimiglia, Bridget Regan"
76,Luther,8.5,,"Idris Elba, Dermot Crowley, Michael Smiley, Warren Brown"
77,Sonikku za mûbî,6.6,Jeff Fowler,"Ben Schwartz, James Marsden, Jim Carrey, Tika Sumpter"
78,Zoku yuuhi no ganman,8.8,Sergio Leone,"Clint Eastwood, Eli Wallach, Lee Van Cleef, Aldo Giuffrè"
79,Élite,7.6,,"Itzan Escamilla, Miguel Bernardeau, Arón Piper, Omar Ayuso"
80,Room 104,6.1,,"Jennifer Lafleur, Jon Bass, Jenny Leonhardt, Michael Chandler"
81,El guardián invisible,6.4,Fernando González Molina,"Marta Etura, Elvira Mínguez, Nene, Francesc Orella"
82,The Land Unknown,5.7,Virgil W. Vogel,"Jock Mahoney, Shirley Patterson, William Reynolds, Henry Brandon"
83,Stargate SG-1,8.4,,"Richard Dean Anderson, Michael Shanks, Amanda Tapping, Christopher Judge"
84,Bloodshot,5.7,Dave Wilson,"Vin Diesel, Eiza González, Sam Heughan, Toby Kebbell"
85,The Usual Suspects,8.5,Bryan Singer,"Kevin Spacey, Gabriel Byrne, Chazz Palminteri, Stephen Baldwin"
86,9-1-1,7.7,,"Angela Bassett, Peter Krause, Oliver Stark, Aisha Hinds"
87,Sutâ wôzu episoddo 1: Fantomu menasu,6.5,George Lucas,"Ewan McGregor, Liam Neeson, Natalie Portman, Jake Lloyd"
88,Star Trek: Picard,7.6,,"Patrick Stewart, Alison Pill, Isa Briones, Michelle Hurd"
89,Top Gun,6.9,Tony Scott,"Tom Cruise, Tim Robbins, Kelly McGillis, Val Kilmer"
90,Poirot,8.6,,"David Suchet, Hugh Fraser, Philip Jackson, Pauline Moran"
91,El hoyo,7.0,Galder Gaztelu-Urrutia,"Ivan Massagué, Zorion Eguileor, Antonia San Juan, Emilio Buale"
92,Married with Children,8.0,,"Ed O'Neill, Christina Applegate, Katey Sagal, Amanda Bearse"
93,White Collar,8.2,,"Matt Bomer, Tim DeKay, Willie Garson, Tiffani Thiessen"
94,Gojira tai Kingu Kongu,,Adam Wingard,"Millie Bobby Brown, Eiza González, Alexander Skarsgård, Rebecca Hall"
95,Sicario,7.6,Denis Villeneuve,"Emily Blunt, Josh Brolin, Benicio Del Toro, Jon Bernthal"
96,The Goldbergs,8.1,,"Wendi McLendon-Covey, Sean Giambrone, Troy Gentile, Hayley Orrantia"
97,Artemis Fowl,4.1,Kenneth Branagh,"Ferdia Shaw, Lara McDonnell, Josh Gad, Tamara Smart"
98,The Lodge,6.0,,"Riley Keough, Jaeden Martell, Lia McHugh, Richard Armitage"
99,Puraibeto Raian,8.6,Steven Spielberg,"Tom Hanks, Matt Damon, Tom Sizemore, Edward Burns"
100,A Simple Favor,6.8,Paul Feig,"Anna Kendrick, Blake Lively, Henry Golding, Andrew Rannells"
101,Murdoch Mysteries,8.1,,"Yannick Bisson, Helene Joy, Thomas Craig, Jonny Harris"
102,Bohemian Rhapsody,8.0,Bryan Singer,"Rami Malek, Lucy Boynton, Gwilym Lee, Ben Hardy"
103,An American Pickle,5.8,Brandon Trost,"Seth Rogen, Sarah Snook, Molly Evensen, Eliot Glazer"
104,Mom,7.2,,"Anna Faris, Allison Janney, Mimi Kennedy, Beth Hall"
105,Vis a vis,8.3,,"Alba Flores, María Isabel Díaz Lago, Marta Aledo, Najwa Nimri"
106,The Vast of Night,6.7,Andrew Patterson,"Sierra McCormick, Jake Horowitz, Gail Cronauer, Bruce Davis"
107,Dirty John,7.2,,"Connie Britton, Christian Slater, Eric Bana, Amanda Peet"
108,Chuck,8.2,,"Zachary Levi, Yvonne Strahovski, Joshua Gomez, Vik Sahay"
109,Venom,6.7,Ruben Fleischer,"Tom Hardy, Michelle Williams, Riz Ahmed, Scott Haze"
110,Last Christmas,6.5,Paul Feig,"Madison Ingoldsby, Emma Thompson, Boris Isakovic, Lucy Miller"
111,Honoo 628,8.3,Elem Klimov,"Aleksey Kravchenko, Olga Mironova, Liubomiras Laucevicius, Vladas Bagdonas"
112,Teenage Bounty Hunters,,,"Maddie Phillips, Anjelica Bette Fellini, Kadeem Hardison, Virginia Williams"
113,Malcolm in the Middle,8.0,,"Frankie Muniz, Bryan Cranston, Justin Berfield, Erik Per Sullivan"
114,Frasier,8.0,,"Kelsey Grammer, Jane Leeves, David Hyde Pierce, Peri Gilpin"
115,Dark Phoenix,5.8,Simon Kinberg,"James McAvoy, Michael Fassbender, Jennifer Lawrence, Nicholas Hoult"
116,Virgin River,7.5,,"Colin Lawrence, Benjamin Hollingsworth, Grayson Maxwell Gurnsey, Martin Henderson"
117,The Twilight Zone,5.8,,"Jordan Peele, David Epstein, Kelly Ann Woods, Mark Silverman"
118,Boardwalk Empire,8.5,,"Steve Buscemi, Kelly Macdonald, Michael Shannon, Shea Whigham"
119,Sukinzu,8.2,,"Kaya Scodelario, Nicholas Hoult, Joe Dempsie, Hannah Murray"
120,Dazed and Confused,7.6,Richard Linklater,"Jason London, Wiley Wiggins, Matthew McConaughey, Rory Cochrane"
121,De Twaalf,7.5,,"Luc De Ruelle, Maaike Neuville, Tom Vermeir, Peter Gorissen"
122,Police Academy,6.7,Hugh Wilson,"Steve Guttenberg, G.W. Bailey, Kim Cattrall, Bubba Smith"
123,The Matrix 4,,Lana Wachowski,"Jonathan Groff, Keanu Reeves, Carrie-Anne Moss, Priyanka Chopra"
124,Erumu gai no akumu,7.5,Wes Craven,"Heather Langenkamp, Johnny Depp, Robert Englund, John Saxon"
125,Da 5 Bloods,6.5,Spike Lee,"Delroy Lindo, Jonathan Majors, Clarke Peters, Norm Lewis"
126,Purizunâzu,8.1,Denis Villeneuve,"Hugh Jackman, Jake Gyllenhaal, Viola Davis, Melissa Leo"
127,Memento,8.4,Christopher Nolan,"Guy Pearce, Carrie-Anne Moss, Joe Pantoliano, Mark Boone Junior"
128,Star Wars,8.6,George Lucas,"Mark Hamill, Harrison Ford, Carrie Fisher, Alec Guinness"
129,The Golden Girls,7.9,,"Bea Arthur, Betty White, Rue McClanahan, Estelle Getty"
130,Love Life,7.4,,"Anna Kendrick, Zoe Chao, Peter Vack, Sasha Compère"
131,Legacy of Lies,4.9,Adrian Bol,"Scott Adkins, Honor Kneafsey, Andrea Vasiliou, Yuliia Sobol"
132,Rogue One: Star Wars Story,7.8,Gareth Edwards,"Felicity Jones, Diego Luna, Alan Tudyk, Donnie Yen"
133,Batman Begins,8.2,Christopher Nolan,"Christian Bale, Michael Caine, Ken Watanabe, Liam Neeson"
134,Kyaputan Amerika: Za fâsuto Abenjâ,6.9,Joe Johnston,"Chris Evans, Hugo Weaving, Samuel L. Jackson, Hayley Atwell"
135,The Devil's Advocate,7.5,Taylor Hackford,"Keanu Reeves, Al Pacino, Charlize Theron, Jeffrey Jones"
136,Green Book,8.2,Peter Farrelly,"Viggo Mortensen, Mahershala Ali, Linda Cardellini, Sebastian Maniscalco"
137,Fast & Furious Presents: Hobbs & Shaw,6.4,David Leitch,"Dwayne Johnson, Jason Statham, Idris Elba, Vanessa Kirby"
138,Sing,7.1,Garth Jennings,"Matthew McConaughey, Reese Witherspoon, Seth MacFarlane, Scarlett Johansson"
139,Constantine,7.0,Francis Lawrence,"Keanu Reeves, Rachel Weisz, Djimon Hounsou, Shia LaBeouf"
140,Grown Ups 2,5.4,Dennis Dugan,"Adam Sandler, Kevin James, Chris Rock, David Spade"
141,Ray Donovan,8.3,,"Liev Schreiber, Eddie Marsan, Dash Mihok, Pooch Hall"
142,The Breakfast Club,7.9,John Hughes,"Emilio Estevez, Judd Nelson, Molly Ringwald, Ally Sheedy"
143,First Cow,7.1,Kelly Reichardt,"Alia Shawkat, John Magaro, Dylan Smith, Ryan Findley"
144,The Adventures of Sharkboy and Lavagirl 3-D,3.5,Robert Rodriguez,"Cayden Boyd, George Lopez, Kristin Davis, David Arquette"
145,Pose,8.6,,"Mj Rodriguez, Dominique Jackson, Indya Moore, Angel Bismark Curiel"
146,Carnival Row,7.9,,"Orlando Bloom, Cara Delevingne, Simon McBurney, Tamzin Merchant"
147,Rôdo obu za ringu - Ô no kikan,8.9,Peter Jackson,"Elijah Wood, Viggo Mortensen, Ian McKellen, Orlando Bloom"
148,Chemical Hearts,,Richard Tanne,"Lili Reinhart, Austin Abrams, Sarah Jones, Kara Young"
149,I See You,6.8,Adam Randall,"Helen Hunt, Jon Tenney, Judah Lewis, Owen Teague"
150,The Tudors,8.1,,"Jonathan Rhys Meyers, Henry Cavill, Anthony Brophy, James Frain"
151,After Life,8.5,,"Ricky Gervais, Tom Basden, Tony Way, Diane Morgan"
152,Deep Blue,5.9,Renny Harlin,"Thomas Jane, Saffron Burrows, Samuel L. Jackson, Jacqueline McKenzie"
153,Letterkenny,8.7,,"Jared Keeso, Michelle Mylett, Nathan Dales, K. Trevor Wilson"
154,Tokei Jikake no Orenji,8.3,Stanley Kubrick,"Malcolm McDowell, Patrick Magee, Michael Bates, Warren Clarke"
155,7500,6.3,Patrick Vollrath,"Joseph Gordon-Levitt, Omid Memar, Aylin Tezel, Carlo Kitzlinger"
156,Veronica Mars,8.3,,"Kristen Bell, Jason Dohring, Enrico Colantoni, Percy Daggs III"
157,Eyes Wide Shut,7.4,Stanley Kubrick,"Tom Cruise, Nicole Kidman, Todd Field, Sydney Pollack"
158,Boy Meets World,8.1,,"Ben Savage, Rider Strong, William Daniels, Betsy Randle"
159,The Orville,8.0,,"Seth MacFarlane, Adrianne Palicki, Penny Johnson Jerald, Scott Grimes"
160,Za taun,7.5,Ben Affleck,"Ben Affleck, Rebecca Hall, Jon Hamm, Jeremy Renner"
161,Double Jeopardy,6.5,Bruce Beresford,"Ashley Judd, Tommy Lee Jones, Bruce Greenwood, Benjamin Weir"
162,Utopia,,,"Desmin Borges, Dan Byrd, John Cusack, Christopher Denham"
163,Harii Pottâ to Azukaban no shûjin,7.9,Alfonso Cuarón,"Daniel Radcliffe, Emma Watson, Rupert Grint, Richard Griffiths"
164,Ava,5.7,Tate Taylor,"Jessica Chastain, Colin Farrell, Geena Davis, John Malkovich"
165,X-Men: Fyûchâ & pasuto,8.0,Bryan Singer,"Patrick Stewart, Ian McKellen, Hugh Jackman, James McAvoy"
166,Shutter Island,8.2,Martin Scorsese,"Leonardo DiCaprio, Emily Mortimer, Mark Ruffalo, Ben Kingsley"
167,Dune,6.5,David Lynch,"Kyle MacLachlan, Virginia Madsen, Francesca Annis, Leonardo Cimino"
168,Yaara,6.2,Tigmanshu Dhulia,"Vidyut Jammwal, Amit Sadh, Mohommed Ali Shah, Kenny Basumatary"
169,Waterworld,6.2,Kevin Reynolds,"Kevin Costner, Jeanne Tripplehorn, Dennis Hopper, Tina Majorino"
170,Eirian 2,8.3,James Cameron,"Sigourney Weaver, Michael Biehn, Carrie Henn, Paul Reiser"
171,The Very Excellent Mr. Dundee,4.9,Dean Murphy,"Jacob Elordi, Mel Gibson, Chevy Chase, Luke Hemsworth"
172,S.W.A.T.,7.0,,"Shemar Moore, Alex Russell, Lina Esco, Kenny Johnson"
173,White Lines,6.6,,"Laura Haddock, Nuno Lopes, Marta Milans, Daniel Mays"
174,Requiem for a Dream,8.3,Darren Aronofsky,"Ellen Burstyn, Jared Leto, Jennifer Connelly, Marlon Wayans"
175,Chârî to ChokorêtoKoujou,6.6,Tim Burton,"Johnny Depp, Freddie Highmore, David Kelly, Helena Bonham Carter"
176,Fifty Shades of Grey,4.1,Sam Taylor-Johnson,"Dakota Johnson, Jamie Dornan, Jennifer Ehle, Eloise Mumford"
177,Braveheart,8.3,Mel Gibson,"Mel Gibson, Sophie Marceau, Patrick McGoohan, Angus Macfadyen"
178,The Fresh Prince of Bel-Air,7.9,,"Will Smith, James Avery, Alfonso Ribeiro, Tatyana Ali"
179,Spider-Man: Homecoming,7.4,Jon Watts,"Tom Holland, Michael Keaton, Robert Downey Jr., Marisa Tomei"
180,A Beautiful Day in the Neighborhood,7.3,Marielle Heller,"Tom Hanks, Matthew Rhys, Chris Cooper, Susan Kelechi Watson"
181,The Avengers,8.0,Joss Whedon,"Robert Downey Jr., Chris Evans, Scarlett Johansson, Jeremy Renner"
182,The Mask,6.9,Chuck Russell,"Jim Carrey, Cameron Diaz, Peter Riegert, Peter Greene"
183,F9,,Justin Lin,"Charlize Theron, Helen Mirren, Vin Diesel, Nathalie Emmanuel"
184,Goliath,8.2,,"Billy Bob Thornton, Tania Raymonde, Nina Arianda, Diana Hopper"
185,グッド・ファイト 華麗なる逆転,8.3,,"Christine Baranski, Cush Jumbo, Delroy Lindo, Sarah Steele"
186,The Truman Show,8.1,Peter Weir,"Jim Carrey, Ed Harris, Laura Linney, Noah Emmerich"
187,Medici,7.9,,"Daniel Sharman, Alessandra Mastronardi, Synnove Karlsen, Sebastian De Souza"
188,The Last Full Measure,6.7,Todd Robinson,"Sebastian Stan, Alison Sudol, Asher Miles Fallica, LisaGay Hamilton"
189,Star Trek Beyond,7.1,Justin Lin,"Chris Pine, Zachary Quinto, Karl Urban, Zoe Saldana"
190,Pretty Little Liars,7.4,,"Troian Bellisario, Ashley Benson, Lucy Hale, Shay Mitchell"
191,Legacies,7.5,,"Danielle Rose Russell, Aria Shahghasemi, Quincy Fouse, Peyton 'Alex' Smith"
192,Midnight Express,7.6,Alan Parker,"Brad Davis, Irene Miracle, Bo Hopkins, Paolo Bonacelli"
193,Booksmart,7.2,Olivia Wilde,"Kaitlyn Dever, Beanie Feldstein, Jessica Williams, Jason Sudeikis"
194,M*A*S*H,8.4,,"Alan Alda, Wayne Rogers, Loretta Swit, Jamie Farr"
195,Search Party,7.6,,"Alia Shawkat, John Reynolds, John Early, Meredith Hagner"
196,John Wick: Chapter 3 - Parabellum,7.5,Chad Stahelski,"Keanu Reeves, Halle Berry, Ian McShane, Laurence Fishburne"
197,Reidâsu/Ushinawareta âku,8.4,Steven Spielberg,"Harrison Ford, Karen Allen, Paul Freeman, John Rhys-Davies"
198,MacGyver,5.3,,"Lucas Till, Tristin Mays, Justin Hires, Meredith Eaton"
199,Sen to Chihiro no kamikakushi,8.6,Hayao Miyazaki,"Daveigh Chase, Suzanne Pleshette, Miyu Irino, Rumi Hiiragi"
0,Marriage Story,8.0,Noah Baumbach,"Adam Driver, Scarlett Johansson, Julia Greer, Azhy Robertson"
1,Sense8,8.3,,"Doona Bae, Jamie Clayton, Tina Desai, Tuppence Middleton"
2,Shiryô-kan,7.5,James Wan,"Patrick Wilson, Vera Farmiga, Ron Livingston, Lili Taylor"
3,Twister,6.4,Jan de Bont,"Helen Hunt, Bill Paxton, Cary Elwes, Jami Gertz"
4,NCIS: New Orleans,6.8,,"Scott Bakula, Rob Kerkovich, CCH Pounder, Daryl Mitchell"
5,Point Break,7.3,Kathryn Bigelow,"Patrick Swayze, Keanu Reeves, Gary Busey, Lori Petty"
6,Tag,6.5,Jeff Tomsic,"Jeremy Renner, Ed Helms, Jake Johnson, Jon Hamm"
7,Capone,4.7,Josh Trank,"Tom Hardy, Linda Cardellini, Matt Dillon, Al Sapienza"
8,Ex Machina,7.7,Alex Garland,"Alicia Vikander, Domhnall Gleeson, Oscar Isaac, Sonoya Mizuno"
9,Enterprise,7.5,,"Scott Bakula, John Billingsley, Jolene Blalock, Dominic Keating"
10,The Alienist: Angel of Darkness,,,
11,CSI: Miami,6.4,,"David Caruso, Emily Procter, Adam Rodriguez, Rex Linn"
12,Homecoming,7.5,,"Stephan James, Bobby Cannavale, Hong Chau, Alex Karpovsky"
13,The Protector,6.8,,"Çagatay Ulusoy, Hazar Ergüçlü, Okan Yalabik, Burçin Terzioglu"
14,Sea Fever,5.7,Neasa Hardiman,"Hermione Corfield, Dag Malmberg, Jack Hickey, Olwen Fouéré"
15,What We Do in the Shadows,7.7,,"Jemaine Clement, Taika Waititi, Cori Gonzalez-Macuer, Jonny Brugh"
16,Battlestar Galactica,8.7,,"Edward James Olmos, Mary McDonnell, Jamie Bamber, James Callis"
17,Ramy,8.0,,"Ramy Youssef, Amr Waked, Mohammed Amer, Hiam Abbass"
18,Moeyo doragon,7.7,Robert Clouse,"Bruce Lee, John Saxon, Jim Kelly, Ahna Capri"
19,Rambo: Last Blood,6.2,Adrian Grunberg,"Sylvester Stallone, Paz Vega, Sergio Peris-Mencheta, Adriana Barraza"
20,The O.C.,7.5,,"Mischa Barton, Adam Brody, Peter Gallagher, Kelly Rowan"
21,Kureiji Ricchi!,6.9,Jon M. Chu,"Constance Wu, Henry Golding, Michelle Yeoh, Gemma Chan"
22,Tamineta,8.0,James Cameron,"Arnold Schwarzenegger, Linda Hamilton, Michael Biehn, Paul Winfield"
23,Never Have I Ever,8.0,,"Maitreyi Ramakrishnan, Darren Barnet, Jaren Lewison, Richa Moorjani"
24,Dolittle,5.6,Stephen Gaghan,"Robert Downey Jr., Antonio Banderas, Michael Sheen, Jim Broadbent"
25,Me Before You,7.4,Thea Sharrock,"Emilia Clarke, Sam Claflin, Janet McTeer, Charles Dance"
26,The Hitman's Bodyguard,6.9,Patrick Hughes,"Ryan Reynolds, Samuel L. Jackson, Gary Oldman, Elodie Yung"
27,Poldark,8.3,,"Aidan Turner, Eleanor Tomlinson, Jack Farthing, Beatie Edney"
28,Spenser Confidential,6.2,Peter Berg,"Mark Wahlberg, Winston Duke, Alan Arkin, Iliza Shlesinger"
29,Downton Abbey,7.4,Michael Engler,"Stephen Campbell Moore, Michael Fox, Lesley Nicol, Sophie McShera"
30,American Beauty,8.3,Sam Mendes,"Kevin Spacey, Annette Bening, Thora Birch, Wes Bentley"
31,Castle Rock,7.6,,"Bill Skarsgård, André Holland, Lizzy Caplan, Melanie Lynskey"
32,Star Wars: Saigo no Jedi,7.0,Rian Johnson,"Daisy Ridley, John Boyega, Mark Hamill, Carrie Fisher"
33,Elementary,7.9,,"Jonny Lee Miller, Lucy Liu, Aidan Quinn, Jon Michael Hill"
34,Event Horizon,6.7,Paul W.S. Anderson,"Laurence Fishburne, Sam Neill, Kathleen Quinlan, Joely Richardson"
35,Game Night,6.9,,"Jason Bateman, Rachel McAdams, Kyle Chandler, Sharon Horgan"
36,Grace and Frankie,8.3,,"Lily Tomlin, Jane Fonda, Sam Waterston, Martin Sheen"
37,Sesshon,8.5,Damien Chazelle,"Miles Teller, J.K. Simmons, Melissa Benoist, Paul Reiser"
38,Unsolved Mysteries,7.4,,"Pistol Black, Jane Green, Anne-Sophie Martin, Brandi Petersen"
39,Gunsmoke,7.9,,"James Arness, Milburn Stone, Amanda Blake, Ken Curtis"
40,Doctor Strange,7.5,Scott Derrickson,"Benedict Cumberbatch, Chiwetel Ejiofor, Rachel McAdams, Benedict Wong"
41,Iron Man Three,7.2,Shane Black,"Robert Downey Jr., Guy Pearce, Gwyneth Paltrow, Don Cheadle"
42,Color Out of Space,6.2,Richard Stanley,"Nicolas Cage, Joely Richardson, Madeleine Arthur, Elliot Knight"
43,Toi Sutôrî 4,7.8,Josh Cooley,"Tom Hanks, Tim Allen, Annie Potts, Tony Hale"
44,Sex and the City,7.1,,"Sarah Jessica Parker, Kim Cattrall, Kristin Davis, Cynthia Nixon"
45,Mean Girls,7.0,Mark Waters,"Lindsay Lohan, Jonathan Bennett, Rachel McAdams, Tina Fey"
46,There Will Be Blood,8.2,Paul Thomas Anderson,"Daniel Day-Lewis, Paul Dano, Ciarán Hinds, Martin Stringer"
47,The King's Man,,Matthew Vaughn,"Gemma Arterton, Daniel Brühl, Ralph Fiennes, Aaron Taylor-Johnson"
48,Batwoman,3.6,,"Ruby Rose, Camrus Johnson, Rachel Skarsten, Meagan Tandy"
49,Mystery Zone,9.0,,"Rod Serling, Robert McCord, Jay Overholts, Vaughn Taylor"
50,Cobra Kai,8.8,,"Xolo Maridueña, Ralph Macchio, William Zabka, Courtney Henggeler"
51,Harii Pottâ to himitsu no heya,7.4,Chris Columbus,"Daniel Radcliffe, Rupert Grint, Emma Watson, Richard Harris"
52,GLOW,8.0,,"Alison Brie, Marc Maron, Betty Gilpin, Britt Baron"
53,Mary ni Kubittake,7.1,,"Cameron Diaz, Matt Dillon, Ben Stiller, Lee Evans"
54,Firefly,9.0,,"Nathan Fillion, Gina Torres, Alan Tudyk, Morena Baccarin"
55,Jurashikku warudo,7.0,Colin Trevorrow,"Chris Pratt, Bryce Dallas Howard, Ty Simpkins, Judy Greer"
56,Chilling Adventures of Sabrina,7.6,,"Kiernan Shipka, Ross Lynch, Lucy Davis, Chance Perdomo"
57,FBI,6.7,,"Missy Peregrym, Zeeko Zaki, Ebonee Noel, Jeremy Sisto"
58,Searching,7.6,Aneesh Chaganty,"John Cho, Debra Messing, Joseph Lee, Michelle La"
59,Penny Dreadful,8.2,,"Josh Hartnett, Timothy Dalton, Eva Green, Reeve Carney"
60,Back to the Future Part II,7.8,Robert Zemeckis,"Michael J. Fox, Christopher Lloyd, Lea Thompson, Thomas F. Wilson"
61,Dîpu inpakuto,6.2,Mimi Leder,"Robert Duvall, Téa Leoni, Elijah Wood, Morgan Freeman"
62,Good Will Hunting,8.3,Gus Van Sant,"Robin Williams, Matt Damon, Ben Affleck, Stellan Skarsgård"
63,Vera,7.9,,"Brenda Blethyn, Jon Morrison, Riley Jones, Kenny Doughty"
64,Between Two Worlds,5.2,,"Philip Quast, Hermione Norris, Sara Wiseman, Aaron Jeffery"
65,Narcos: Mexico,8.4,,"Diego Luna, Scoot McNairy, José María Yazpik, Fermín Martínez"
66,Ghostbusters,7.8,Ivan Reitman,"Bill Murray, Dan Aykroyd, Sigourney Weaver, Harold Ramis"
67,The Fifth Element,7.7,Luc Besson,"Bruce Willis, Milla Jovovich, Gary Oldman, Ian Holm"
68,Saikojiman Gwaenchanha,9.2,,"Soo-hyun Kim, Ye-ji Seo, Jeong-se Oh, Park Gyuyoung"
69,The Magicians,7.6,,"Stella Maeve, Hale Appleman, Arjun Gupta, Summer Bishil"
70,Perfect,4.5,James Bridges,"John Travolta, Jamie Lee Curtis, Ramey Ellis, Alma Beltran"
71,The Eternals,,Chloé Zhao,"Angelina Jolie, Salma Hayek, Richard Madden, Gemma Chan"
72,Underwater,5.8,William Eubank,"Kristen Stewart, Vincent Cassel, Mamoudou Athie, T.J. Miller"
73,Hell on Wheels,8.3,,"Anson Mount, Colm Meaney, Robin McLeavy, Phil Burke"
74,Jurassic World: Dominion,,Colin Trevorrow,"Bryce Dallas Howard, Chris Pratt, Dichen Lachman, Jake Johnson"
75,A Star Is Born,7.7,Bradley Cooper,"Lady Gaga, Bradley Cooper, Sam Elliott, Greg Grunberg"
76,Last Man Standing,7.6,,"Tim Allen, Nancy Travis, Hector Elizondo, Christoph Sanders"
77,Hunter x Hunter,8.9,,"Issei Futamata, Megumi Han, Cristina Valenzuela, Mariya Ise"
78,Good Witch,7.3,,"Catherine Bell, Catherine Disher, James Denton, Kylee Evans"
79,Ocean's Eight,6.2,Gary Ross,"Sandra Bullock, Cate Blanchett, Anne Hathaway, Mindy Kaling"
80,Bijo to yajuu,7.1,Bill Condon,"Emma Watson, Dan Stevens, Luke Evans, Josh Gad"
81,Avengers: Age of Ultron,7.3,Joss Whedon,"Robert Downey Jr., Chris Evans, Mark Ruffalo, Chris Hemsworth"
82,American Psycho,7.6,Mary Harron,"Christian Bale, Justin Theroux, Josh Lucas, Bill Sage"
83,Taboo,8.4,,"Tom Hardy, David Hayman, Jonathan Pryce, Oona Chaplin"
84,The Fall,8.2,,"Gillian Anderson, Jamie Dornan, John Lynch, Aisling Franciosi"
85,Full Metal Jacket,8.3,Stanley Kubrick,"Matthew Modine, R. Lee Ermey, Vincent D'Onofrio, Adam Baldwin"
86,Reign,7.5,,"Adelaide Kane, Megan Follows, Celina Sinden, Torrance Coombs"
87,ブラウン神父,7.7,,"Mark Williams, Sorcha Cusack, John Burton, Jack Deam"
88,Spaceballs,7.1,Mel Brooks,"Mel Brooks, John Candy, Rick Moranis, Bill Pullman"
89,Showgirls,4.9,Paul Verhoeven,"Elizabeth Berkley, Kyle MacLachlan, Gina Gershon, Glenn Plummer"
90,Just Go with It,6.4,Dennis Dugan,"Adam Sandler, Jennifer Aniston, Brooklyn Decker, Nicole Kidman"
91,V fô vendetta,8.2,James McTeigue,"Hugo Weaving, Natalie Portman, Rupert Graves, Stephen Rea"
92,Puratôn,8.1,Oliver Stone,"Charlie Sheen, Tom Berenger, Willem Dafoe, Keith David"
93,American Gods,7.8,,"Ricky Whittle, Emily Browning, Crispin Glover, Yetide Badaki"
94,Uoriâzu,7.6,Walter Hill,"Michael Beck, James Remar, Dorsey Wright, Brian Tyler"
95,Galaxy Quest,7.3,Dean Parisot,"Tim Allen, Sigourney Weaver, Alan Rickman, Tony Shalhoub"
96,Terminator 2: Judgment Day,8.5,James Cameron,"Arnold Schwarzenegger, Linda Hamilton, Edward Furlong, Robert Patrick"
97,Entourage,8.4,,"Kevin Connolly, Adrian Grenier, Kevin Dillon, Jerry Ferrara"
98,The Lion King,8.5,,"Matthew Broderick, Jeremy Irons, James Earl Jones, Whoopi Goldberg"
99,Heat,8.2,Michael Mann,"Al Pacino, Robert De Niro, Val Kilmer, Jon Voight"
100,Scary Stories to Tell in the Dark,6.2,André Øvredal,"Zoe Margaret Colletti, Michael Garza, Gabriel Rush, Austin Abrams"
101,Honest Thief,,Mark Williams,"Liam Neeson, Kate Walsh, Jai Courtney, Jeffrey Donovan"
102,X-Men,7.4,Bryan Singer,"Patrick Stewart, Hugh Jackman, Ian McKellen, Famke Janssen"
103,The Hateful Eight,7.8,Quentin Tarantino,"Samuel L. Jackson, Kurt Russell, Jennifer Jason Leigh, Walton Goggins"
104,Bodyguard,8.1,,"Richard Madden, Sophie Rundle, Vincent Franklin, Ash Tandon"
105,A Quiet Place Part II,,John Krasinski,"Emily Blunt, Millicent Simmonds, Cillian Murphy, Noah Jupe"
106,Valley of the Gods,4.3,Lech Majewski,"Josh Hartnett, Jaime Ray Newman, John Malkovich, John Rhys-Davies"
107,Us,6.9,Jordan Peele,"Lupita Nyong'o, Winston Duke, Elisabeth Moss, Tim Heidecker"
108,Wonder Woman,7.4,Patty Jenkins,"Gal Gadot, Chris Pine, Robin Wright, Lucy Davis"
109,Angel,7.9,,"David Boreanaz, Charisma Carpenter, Alexis Denisof, J. August Richards"
110,Harii Pottâ to shi no hihô part 1,7.7,David Yates,"Daniel Radcliffe, Emma Watson, Rupert Grint, Bill Nighy"
111,The Godfather: Part III,7.6,Francis Ford Coppola,"Al Pacino, Diane Keaton, Andy Garcia, Talia Shire"
112,Slender Man,3.2,Sylvain White,"Joey King, Julia Goldani Telles, Jaz Sinclair, Annalise Basso"
113,Aian Man,7.9,Jon Favreau,"Robert Downey Jr., Gwyneth Paltrow, Terrence Howard, Jeff Bridges"
114,The Heiress,8.1,William Wyler,"Olivia de Havilland, Montgomery Clift, Ralph Richardson, Miriam Hopkins"
115,Remî no oishii resutoran,8.0,,"Brad Garrett, Lou Romano, Patton Oswalt, Ian Holm"
116,The Magnificent Seven,6.9,Antoine Fuqua,"Denzel Washington, Chris Pratt, Ethan Hawke, Vincent D'Onofrio"
117,Yesterday,6.8,Danny Boyle,"Himesh Patel, Lily James, Sophia Di Martino, Ellise Chappell"
118,She Dies Tomorrow,5.2,Amy Seimetz,"Kate Lyn Sheil, Jane Adams, Kentucker Audley, Katie Aselton"
119,Harii Pottâ to fushichô no kishidan,7.5,David Yates,"Daniel Radcliffe, Emma Watson, Rupert Grint, Brendan Gleeson"
120,A Quiet Place,7.5,John Krasinski,"Emily Blunt, John Krasinski, Millicent Simmonds, Noah Jupe"
121,The Meg,5.6,Jon Turteltaub,"Jason Statham, Bingbing Li, Rainn Wilson, Cliff Curtis"
122,Battoman vs Sûpâman Jasutisu no tanjou,6.4,Zack Snyder,"Ben Affleck, Henry Cavill, Amy Adams, Jesse Eisenberg"
123,Central Park,6.5,,"Kristen Bell, Tituss Burgess, Daveed Diggs, Josh Gad"
124,12 Angry Men,8.9,Sidney Lumet,"Henry Fonda, Lee J. Cobb, Martin Balsam, John Fiedler"
125,"Roswell, New Mexico",6.2,,"Jeanine Mason, Nathan Parsons, Michael Vlamis, Lily Cowles"
126,La La Land,8.0,Damien Chazelle,"Ryan Gosling, Emma Stone, Rosemarie DeWitt, J.K. Simmons"
127,Jumanji: Welcome to the Jungle,6.9,Jake Kasdan,"Dwayne Johnson, Karen Gillan, Kevin Hart, Jack Black"
128,Hot Fuzz,7.8,Edgar Wright,"Simon Pegg, Nick Frost, Martin Freeman, Bill Nighy"
129,The Rookie,8.1,,"Nathan Fillion, Alyssa Diaz, Richard T. Jones, Titus Makin Jr."
130,SEAL Team,7.5,,"David Boreanaz, Max Thieriot, Jessica Paré, Neil Brown Jr."
131,Cheers,7.8,,"Ted Danson, Rhea Perlman, John Ratzenberger, George Wendt"
132,The End of the F***ing World,8.1,,"Jessica Barden, Alex Lawther, Steve Oram, Christine Bottomley"
133,Grimm,7.8,,"David Giuntoli, Russell Hornsby, Silas Weir Mitchell, Sasha Roiz"
134,Superstore,7.8,,"America Ferrera, Ben Feldman, Lauren Ash, Colton Dunn"
135,Ana to Yuki no Joou,7.4,,"Kristen Bell, Idina Menzel, Jonathan Groff, Josh Gad"
136,Dark Waters,7.6,Todd Haynes,"Mark Ruffalo, Anne Hathaway, Tim Robbins, Bill Pullman"
137,Tori,7.7,Alfred Hitchcock,"Rod Taylor, Tippi Hedren, Jessica Tandy, Suzanne Pleshette"
138,American Crime Story,8.4,,"Sarah Paulson, Annaleigh Ashford, Sterling K. Brown, Kenneth Choi"
139,Slasher,6.7,,"Dean McDermott, Joanne Vannicola, Paula Brancati, Christopher Jacot"
140,Six Feet Under,8.7,,"Peter Krause, Michael C. Hall, Frances Conroy, Lauren Ambrose"
141,Contagion,6.7,Steven Soderbergh,"Matt Damon, Kate Winslet, Jude Law, Gwyneth Paltrow"
142,Humans,8.0,,"Katherine Parkinson, Gemma Chan, Lucy Carless, Tom Goodman-Hill"
143,Shazam!,7.1,David F. Sandberg,"Zachary Levi, Mark Strong, Asher Angel, Jack Dylan Grazer"
144,Kingsman: The Secret Service,7.7,Matthew Vaughn,"Colin Firth, Taron Egerton, Samuel L. Jackson, Michael Caine"
145,Legion,8.3,,"Dan Stevens, Rachel Keller, Aubrey Plaza, Bill Irwin"
146,Tôtaru Rikôru,7.5,Paul Verhoeven,"Arnold Schwarzenegger, Sharon Stone, Michael Ironside, Rachel Ticotin"
147,The Ranch,7.5,,"Ashton Kutcher, Sam Elliott, Grady Lee Richmond, Elisha Cuthbert"
148,Twins,6.1,Ivan Reitman,"Arnold Schwarzenegger, Danny DeVito, Kelly Preston, Chloe Webb"
149,Doc Martin,8.3,,"Martin Clunes, Caroline Catz, Ian McNeice, Joe Absolom"
150,Sky High,6.2,Mike Mitchell,"Kurt Russell, Kelly Preston, Michael Angarano, Danielle Panabaker"
151,Annihilation,6.9,Alex Garland,"Natalie Portman, Jennifer Jason Leigh, Tessa Thompson, Benedict Wong"
152,Kids,7.1,Larry Clark,"Leo Fitzpatrick, Justin Pierce, Chloë Sevigny, Sarah Henderson"
153,Coming 2 America,,Craig Brewer,"Eddie Murphy, Arsenio Hall, Jermaine Fowler, Leslie Jones"
154,The Good Wife,8.3,,"Julianna Margulies, Chris Noth, Josh Charles, Matt Czuchry"
155,Free Guy,,Shawn Levy,"Ryan Reynolds, Jodie Comer, Taika Waititi, Joe Keery"
156,Logan,8.1,James Mangold,"Hugh Jackman, Patrick Stewart, Dafne Keen, Boyd Holbrook"
157,Modern Love,8.0,,"Anne Hathaway, Tina Fey, Andy Garcia, Dev Patel"
158,The Grand Budapest Hotel,8.1,Wes Anderson,"Ralph Fiennes, F. Murray Abraham, Mathieu Amalric, Adrien Brody"
159,Snatch,8.3,Guy Ritchie,"Jason Statham, Brad Pitt, Benicio Del Toro, Dennis Farina"
160,The Revenant,8.0,Alejandro G. Iñárritu,"Leonardo DiCaprio, Tom Hardy, Will Poulter, Domhnall Gleeson"
161,Cutie Blonde,6.3,Robert Luketic,"Reese Witherspoon, Luke Wilson, Selma Blair, Matthew Davis"
162,Silicon Valley,8.5,,"Thomas Middleditch, T.J. Miller, Josh Brener, Martin Starr"
163,RocknRolla,7.3,Guy Ritchie,"Gerard Butler, Tom Wilkinson, Idris Elba, Thandie Newton"
164,E.T. the Extra-Terrestrial,7.8,Steven Spielberg,"Henry Thomas, Drew Barrymore, Peter Coyote, Dee Wallace"
165,X: First Class,7.7,Matthew Vaughn,"James McAvoy, Michael Fassbender, Jennifer Lawrence, Kevin Bacon"
166,Unbelievable!!!!!,4.7,Steven L. Fawcette,"Snoop Dogg, Garrett Wang, Chase Masterson, Tim Russ"
167,Burêdo rannâ,8.1,Ridley Scott,"Harrison Ford, Rutger Hauer, Sean Young, Edward James Olmos"
168,Pairêtsu obu Karibian: Inochi no izumi,6.6,Rob Marshall,"Johnny Depp, Penélope Cruz, Ian McShane, Geoffrey Rush"
169,Into the Wild,8.1,Sean Penn,"Emile Hirsch, Vince Vaughn, Catherine Keener, Marcia Gay Harden"
170,Greenland,6.6,Ric Roman Waugh,"Gerard Butler, Morena Baccarin, David Denman, Scott Glenn"
171,TURN,8.1,,"Jamie Bell, Heather Lind, Samuel Roukin, Daniel Henshall"
172,Harii Pottâ to nazo no purinsu,7.6,David Yates,"Daniel Radcliffe, Emma Watson, Rupert Grint, Michael Gambon"
173,Psycho,8.5,Alfred Hitchcock,"Anthony Perkins, Janet Leigh, Vera Miles, John Gavin"
174,Casino,8.2,Martin Scorsese,"Robert De Niro, Sharon Stone, Joe Pesci, James Woods"
175,エターナル・サンシャイン,8.3,Michel Gondry,"Jim Carrey, Kate Winslet, Tom Wilkinson, Gerry Robert Byrne"
176,Lady Bird,7.4,Greta Gerwig,"Saoirse Ronan, Laurie Metcalf, Tracy Letts, Lucas Hedges"
177,Irresistible,6.2,Jon Stewart,"Steve Carell, Rose Byrne, Chris Cooper, Brent Sexton"
178,ラブ・アクチュアリー,7.6,Richard Curtis,"Hugh Grant, Martine McCutcheon, Liam Neeson, Laura Linney"
179,The Man from U.N.C.L.E.,7.3,Guy Ritchie,"Henry Cavill, Armie Hammer, Alicia Vikander, Elizabeth Debicki"
180,Sukurimu,7.2,Wes Craven,"Neve Campbell, Courteney Cox, David Arquette, Skeet Ulrich"
181,Kuraudo Atorasu,7.4,,"Tom Hanks, Halle Berry, Hugh Grant, Hugo Weaving"
182,Murder Mystery,6.0,Kyle Newacheck,"Adam Sandler, Jennifer Aniston, Luke Evans, Terence Stamp"
183,"Crazy, Stupid, Love.",7.4,,"Steve Carell, Ryan Gosling, Julianne Moore, Emma Stone"
184,The Call of the Wild,6.8,Chris Sanders,"Harrison Ford, Omar Sy, Cara Gee, Dan Stevens"
185,The 40 Year Old Virgin,7.1,Judd Apatow,"Steve Carell, Catherine Keener, Paul Rudd, Romany Malco"
186,Troy,7.2,Wolfgang Petersen,"Brad Pitt, Eric Bana, Orlando Bloom, Julian Glover"
187,The Goldfinch,6.3,John Crowley,"Oakes Fegley, Ansel Elgort, Nicole Kidman, Jeffrey Wright"
188,The Stranger,7.3,,"Richard Armitage, Shaun Dooley, Siobhan Finneran, Jacob Dudman"
189,Crawl,6.2,Alexandre Aja,"Kaya Scodelario, Barry Pepper, Morfydd Clark, Ross Anderson"
190,Deadwood,8.6,,"Timothy Olyphant, Ian McShane, Molly Parker, Brad Dourif"
191,Road House,6.6,Rowdy Herrington,"Patrick Swayze, Kelly Lynch, Sam Elliott, Ben Gazzara"
192,The King,7.2,David Michôd,"Tom Glynn-Carney, Gábor Czap, Tom Fisher, Edward Ashley"
193,Baywatch,5.5,Seth Gordon,"Dwayne Johnson, Zac Efron, Alexandra Daddario, Priyanka Chopra"
194,The Twilight Saga: Breaking Dawn - Part 2,5.5,Bill Condon,"Kristen Stewart, Robert Pattinson, Taylor Lautner, Peter Facinelli"
195,The Equalizer,7.2,Antoine Fuqua,"Denzel Washington, Marton Csokas, Chloë Grace Moretz, David Harbour"
196,The VVitch: A New-England Folktale,6.9,Robert Eggers,"Anya Taylor-Joy, Ralph Ineson, Kate Dickie, Julian Richings"
197,Arthur,6.9,Steve Gordon,"Dudley Moore, Liza Minnelli, John Gielgud, Geraldine Fitzgerald"
198,Jerry Maguire,7.3,Cameron Crowe,"Tom Cruise, Cuba Gooding Jr., Renée Zellweger, Kelly Preston"
199,When Calls the Heart,8.2,,"Erin Krakow, Martin Cummins, Pascale Hutton, Jack Wagner"
0,Kyabin,7.0,Drew Goddard,"Kristen Connolly, Chris Hemsworth, Anna Hutchison, Fran Kranz"
1,Koi no kara sawagi,7.3,Gil Junger,"Heath Ledger, Julia Stiles, Joseph Gordon-Levitt, Larisa Oleynik"
2,Sutâ wôzu: Fôsu no kakusei,7.9,J.J. Abrams,"Daisy Ridley, John Boyega, Oscar Isaac, Domhnall Gleeson"
3,Hanna,6.8,Joe Wright,"Saoirse Ronan, Cate Blanchett, Eric Bana, Vicky Krieps"
4,Locke & Key,7.4,,"Darby Stanchfield, Connor Jessup, Emilia Jones, Jackson Robert Scott"
5,Angel Has Fallen,6.4,Ric Roman Waugh,"Gerard Butler, Frederick Schmidt, Danny Huston, Rocci Williams"
6,Heroes,7.5,,"Jack Coleman, Hayden Panettiere, Milo Ventimiglia, Masi Oka"
7,ロード・オブ・ザ・リング 二つの塔,8.7,Peter Jackson,"Elijah Wood, Ian McKellen, Viggo Mortensen, Orlando Bloom"
8,The Peanut Butter Falcon,7.6,,"Zack Gottsagen, Ann Owens, Dakota Johnson, Bruce Dern"
9,Force of Nature,4.4,Michael Polish,"Emile Hirsch, Mel Gibson, David Zayas, Kate Bosworth"
10,007 wa nido shinu,6.9,Lewis Gilbert,"Sean Connery, Akiko Wakabayashi, Mie Hama, Tetsurô Tanba"
11,Power,8.2,,"Omari Hardwick, Lela Loren, Naturi Naughton, Joseph Sikora"
12,300,7.6,Zack Snyder,"Gerard Butler, Lena Headey, David Wenham, Dominic West"
13,The Big Short,7.8,Adam McKay,"Christian Bale, Steve Carell, Ryan Gosling, Brad Pitt"
14,Gods of Egypt,5.4,Alex Proyas,"Brenton Thwaites, Nikolaj Coster-Waldau, Gerard Butler, Chadwick Boseman"
15,I'm Sorry.,7.9,,"Andrea Savage, Tom Everett Scott, Olive Petrucci, Kathy Baker"
16,Midnight in Paris,7.7,Woody Allen,"Owen Wilson, Rachel McAdams, Kathy Bates, Kurt Fuller"
17,The Help,8.0,Tate Taylor,"Emma Stone, Viola Davis, Octavia Spencer, Bryce Dallas Howard"
18,Bird Box,6.6,Susanne Bier,"Sandra Bullock, Trevante Rhodes, John Malkovich, Sarah Paulson"
19,Weeds,7.9,,"Mary-Louise Parker, Hunter Parrish, Alexander Gould, Kevin Nealon"
20,Shadowhunters: The Mortal Instruments,6.6,,"Katherine McNamara, Dominic Sherwood, Alberto Rosende, Matthew Daddario"
21,Spider-Man,7.3,Sam Raimi,"Tobey Maguire, Kirsten Dunst, Willem Dafoe, James Franco"
22,Fauda,8.2,,"Lior Raz, Itzik Cohen, Neta Garty, Rona-Lee Shim'on"
23,Anna,6.6,Luc Besson,"Sasha Luss, Helen Mirren, Luke Evans, Cillian Murphy"
24,Man obu Sutîru,7.0,Zack Snyder,"Henry Cavill, Amy Adams, Michael Shannon, Diane Lane"
25,Scent of a Woman,8.0,Martin Brest,"Al Pacino, Chris O'Donnell, James Rebhorn, Gabrielle Anwar"
26,Blended,6.5,Frank Coraci,"Adam Sandler, Drew Barrymore, Wendi McLendon-Covey, Kevin Nealon"
27,ソーシャル・ネットワーク,7.7,David Fincher,"Jesse Eisenberg, Andrew Garfield, Justin Timberlake, Rooney Mara"
28,The Nice Guys,7.4,Shane Black,"Russell Crowe, Ryan Gosling, Angourie Rice, Matt Bomer"
29,Dirty Dancing,7.0,Emile Ardolino,"Patrick Swayze, Jennifer Grey, Jerry Orbach, Cynthia Rhodes"
30,Atlanta,8.6,,"Donald Glover, Brian Tyree Henry, LaKeith Stanfield, Zazie Beetz"
31,Venom: Let There Be Carnage,,Andy Serkis,"Tom Hardy, Woody Harrelson, Michelle Williams, Stephen Graham"
32,Ant-Man and the Wasp,7.1,Peyton Reed,"Paul Rudd, Evangeline Lilly, Michael Peña, Walton Goggins"
33,The Stand,,,"James Marsden, Jovan Adepo, Whoopi Goldberg, Amber Heard"
34,Jurashikku Wârudo/Honoo no oukoku,6.2,J.A. Bayona,"Chris Pratt, Bryce Dallas Howard, Rafe Spall, Justice Smith"
35,Boogie Nights,7.9,Paul Thomas Anderson,"Mark Wahlberg, Julianne Moore, Burt Reynolds, Luis Guzmán"
36,Avatar 2,,James Cameron,"Zoe Saldana, Kate Winslet, Vin Diesel, Cliff Curtis"
37,Stardust,7.6,Matthew Vaughn,"Charlie Cox, Claire Danes, Sienna Miller, Ian McKellen"
38,Dummy,6.6,,"Anna Kendrick, Meredith Hagner, Donal Logue, Wayne Federman"
39,Robin Fuddo no bôken,7.9,,"Errol Flynn, Olivia de Havilland, Basil Rathbone, Claude Rains"
40,Hoshi no Ôji Nyûyôku e iku,7.0,John Landis,"Eddie Murphy, Paul Bates, Garcelle Beauvais, Feather"
41,American Graffiti,7.4,George Lucas,"Richard Dreyfuss, Ron Howard, Paul Le Mat, Charles Martin Smith"
42,Barry,8.3,,"Bill Hader, Stephen Root, Sarah Goldberg, Anthony Carrigan"
43,Donnie Darko,8.0,Richard Kelly,"Jake Gyllenhaal, Jena Malone, Mary McDonnell, Holmes Osborne"
44,The Night Manager,8.1,,"Hugh Laurie, Tom Hiddleston, Elizabeth Debicki, Olivia Colman"
45,Sutâ torekku,7.9,J.J. Abrams,"Chris Pine, Zachary Quinto, Simon Pegg, Leonard Nimoy"
46,The Middle,7.5,,"Patricia Heaton, Neil Flynn, Charlie McDermott, Eden Sher"
47,The Way Back,6.7,Gavin O'Connor,"Ben Affleck, Al Madrigal, Janina Gavankar, Michaela Watkins"
48,Death Note: Desu nôto,9.0,,"Mamoru Miyano, Brad Swaile, Vincent Tong, Ryô Naitô"
49,Jessica Jones,7.9,,"Krysten Ritter, Rachael Taylor, Eka Darville, Carrie-Anne Moss"
50,2 Hearts,,Lance Hool,"Jacob Elordi, Radha Mitchell, Adan Canto, Kari Matchett"
51,The Lost Boys,7.3,Joel Schumacher,"Jason Patric, Corey Haim, Dianne Wiest, Barnard Hughes"
52,Alien: Covenant,6.4,Ridley Scott,"Michael Fassbender, Katherine Waterston, Billy Crudup, Danny McBride"
53,Kingu Kongu: Dokuroto no kyoshin,6.6,Jordan Vogt-Roberts,"Tom Hiddleston, Samuel L. Jackson, Brie Larson, John C. Reilly"
54,War of the Worlds,6.2,,"Léa Drucker, Gabriel Byrne, Adel Bencherif, Natasha Little"
55,Grown Ups,5.9,Dennis Dugan,"Adam Sandler, Salma Hayek, Kevin James, Chris Rock"
56,Thor,7.0,Kenneth Branagh,"Chris Hemsworth, Anthony Hopkins, Natalie Portman, Tom Hiddleston"
57,Dawson's Creek,6.6,,"James Van Der Beek, Katie Holmes, Michelle Williams, Joshua Jackson"
58,Pretty League,7.3,Penny Marshall,"Tom Hanks, Geena Davis, Lori Petty, Madonna"
59,Maleficent: Mistress of Evil,6.6,Joachim Rønning,"Angelina Jolie, Elle Fanning, Harris Dickinson, Michelle Pfeiffer"
60,Thor: Love and Thunder,,Taika Waititi,"Christian Bale, Chris Hemsworth, Natalie Portman, Taika Waititi"
61,Sicario: Day of the Soldado,7.1,Stefano Sollima,"Benicio Del Toro, Josh Brolin, Isabela Merced, Jeffrey Donovan"
62,Call the Midwife,8.4,,"Vanessa Redgrave, Laura Main, Jenny Agutter, Judy Parfitt"
63,Fâgo,8.1,,"William H. Macy, Frances McDormand, Steve Buscemi, Peter Stormare"
64,The Great Gatsby,7.2,Baz Luhrmann,"Leonardo DiCaprio, Carey Mulligan, Joel Edgerton, Tobey Maguire"
65,Scooby-Doo,5.1,Raja Gosnell,"Matthew Lillard, Freddie Prinze Jr., Sarah Michelle Gellar, Linda Cardellini"
66,Karppi,7.2,,"Pihla Viitala, Lauri Tilkanen, Mimosa Willamo, Noa Tola"
67,Burn Notice,7.9,,"Jeffrey Donovan, Gabrielle Anwar, Bruce Campbell, Sharon Gless"
68,"Beverly Hills, 90210",6.3,,"Jason Priestley, Shannen Doherty, Luke Perry, Jennie Garth"
69,Richard Jewell,7.5,Clint Eastwood,"Paul Walter Hauser, Sam Rockwell, Brandon Stanley, Ryan Boz"
70,Just Mercy,7.6,Destin Daniel Cretton,"Michael B. Jordan, Jamie Foxx, Brie Larson, Charlie Pye Jr."
71,The Killing,8.2,,"Mireille Enos, Joel Kinnaman, Billy Campbell, Liam James"
72,Sucker Punch,6.0,Zack Snyder,"Emily Browning, Vanessa Hudgens, Abbie Cornish, Jena Malone"
73,Into the Dark,6.3,,"Aurora Perrineau, Diane Sellers, Dylan Arnold, Katie Wilson"
74,El Camino: A Breaking Bad Movie,7.3,Vince Gilligan,"Aaron Paul, Jonathan Banks, Matt Jones, Charles Baker"
75,Sutâ wôzu episoddo 5: Teikoku no gyakushû,8.7,Irvin Kershner,"Mark Hamill, Harrison Ford, Carrie Fisher, Billy Dee Williams"
76,Marêna,7.5,Giuseppe Tornatore,"Monica Bellucci, Giuseppe Sulfaro, Luciano Federico, Matilde Piana"
77,Ant-Man,7.3,Peyton Reed,"Paul Rudd, Michael Douglas, Corey Stoll, Evangeline Lilly"
78,Hangover! Kieta Hanamuko to Shijô Saiaku no Futsukayoi,7.7,Todd Phillips,"Zach Galifianakis, Bradley Cooper, Justin Bartha, Ed Helms"
79,American Dad!,7.3,,"Seth MacFarlane, Wendy Schaal, Scott Grimes, Rachael MacFarlane"
80,Cruella,,Craig Gillespie,"Emma Stone, Mark Strong, Emma Thompson, Paul Walter Hauser"
81,The Rain,6.4,,"Alba August, Lucas Lynggaard Tønnesen, Mikkel Boe Følsgaard, Lukas Løkken"
82,Hacksaw Ridge,8.1,Mel Gibson,"Andrew Garfield, Sam Worthington, Luke Bracey, Teresa Palmer"
83,Private Practice,6.6,,"Kate Walsh, Paul Adelstein, KaDee Strickland, Taye Diggs"
84,The Waltons,7.6,,"Jon Walmsley, Mary Beth McDonough, Eric Scott, Kami Cotler"
85,Naruto: Shippûden,8.6,,"Junko Takeuchi, Maile Flanagan, Kate Higgins, Chie Nakamura"
86,Freaks and Geeks,8.8,,"Linda Cardellini, John Francis Daley, James Franco, Samm Levine"
87,Kingdom,8.4,,"Ji-Hoon Ju, Doona Bae, Kim Sungkyu, Hye-Jun Kim"
88,Insecure,7.9,,"Issa Rae, Yvonne Orji, Jay Ellis, Natasha Rothwell"
89,Lost in Space,7.3,,"Molly Parker, Toby Stephens, Maxwell Jenkins, Taylor Russell"
90,Pirates of the Caribbean: Dead Man's Chest,7.3,Gore Verbinski,"Johnny Depp, Orlando Bloom, Keira Knightley, Jack Davenport"
91,The Perks of Being a Wallflower,8.0,Stephen Chbosky,"Logan Lerman, Emma Watson, Ezra Miller, Paul Rudd"
92,Imposters,7.8,,"Inbar Lavi, Rob Heaps, Parker Young, Marianne Rendón"
93,Mary Poppins Returns,6.7,Rob Marshall,"Emily Blunt, Lin-Manuel Miranda, Ben Whishaw, Emily Mortimer"
94,Silent Witness,7.8,,"Emilia Fox, William Gaminara, Tom Ward, David Caves"
95,Drive,7.8,Nicolas Winding Refn,"Ryan Gosling, Carey Mulligan, Bryan Cranston, Albert Brooks"
96,Tôbôsha,7.8,Andrew Davis,"Harrison Ford, Tommy Lee Jones, Sela Ward, Julianne Moore"
97,The Killing of a Sacred Deer,7.0,Yorgos Lanthimos,"Barry G. Bernson, Herb Caillouet, Bill Camp, Raffey Cassidy"
98,Pinocchio,6.4,Matteo Garrone,"Federico Ielapi, Roberto Benigni, Rocco Papaleo, Massimo Ceccherini"
99,Captain America: Civil War,7.8,,"Chris Evans, Robert Downey Jr., Scarlett Johansson, Sebastian Stan"
100,Godzilla: King of the Monsters,6.0,Michael Dougherty,"Kyle Chandler, Vera Farmiga, Millie Bobby Brown, Ken Watanabe"
101,The Equalizer 2,6.7,Antoine Fuqua,"Denzel Washington, Pedro Pascal, Ashton Sanders, Orson Bean"
102,Future Man,7.8,,"Josh Hutcherson, Eliza Coupe, Derek Wilson, Haley Joel Osment"
103,Shichinin no samurai,8.6,Akira Kurosawa,"Toshirô Mifune, Takashi Shimura, Keiko Tsushima, Yukiko Shimazaki"
104,M.S. Dhoni: The Untold Story,7.8,Neeraj Pandey,"Sushant Singh Rajput, Kiara Advani, Anupam Kher, Disha Patani"
105,Mulholland Dr.,8.0,David Lynch,"Naomi Watts, Laura Harring, Justin Theroux, Jeanne Bates"
106,Tacoma FD,8.0,,"Kevin Heffernan, Steve Lemme, Eugene Cordero, Marcus Henderson"
107,Face/Off,7.3,John Woo,"John Travolta, Nicolas Cage, Joan Allen, Alessandro Nivola"
108,Gretel & Hansel,5.3,Oz Perkins,"Sophia Lillis, Samuel Leakey, Alice Krige, Jessica De Gouw"
109,A Place to Call Home,8.3,,"Marta Dusseldorp, Noni Hazlehurst, Brett Climo, Craig Hall"
110,Toransufômâ,7.0,Michael Bay,"Shia LaBeouf, Megan Fox, Josh Duhamel, Tyrese Gibson"
111,Amerikan Hisutori X,8.5,Tony Kaye,"Edward Norton, Edward Furlong, Beverly D'Angelo, Jennifer Lien"
112,Wasp Network,5.8,Olivier Assayas,"Penélope Cruz, Edgar Ramírez, Gael García Bernal, Ana de Armas"
113,Coco,8.4,,"Anthony Gonzalez, Gael García Bernal, Benjamin Bratt, Alanna Ubach"
114,トゥルー・ロマンス,7.9,Tony Scott,"Christian Slater, Patricia Arquette, Dennis Hopper, Val Kilmer"
115,Tales from the Loop,7.5,,"Daniel Zolghadri, Paul Schneider, Rebecca Hall, Robert Nahum Allen"
116,007: Kajino rowaiyaru,8.0,Martin Campbell,"Daniel Craig, Eva Green, Judi Dench, Jeffrey Wright"
117,Last Chance U,8.5,,"Ron Ollie, John III Franklin, Buddy Stephens, Brittany Wagner"
118,Mission: Impossible - Rogue Nation,7.4,Christopher McQuarrie,"Tom Cruise, Rebecca Ferguson, Jeremy Renner, Simon Pegg"
119,Rezaboa Doggusu,8.3,Quentin Tarantino,"Harvey Keitel, Tim Roth, Michael Madsen, Chris Penn"
120,A Discovery of Witches,8.1,,"Gregg Chillin, Matthew Goode, Teresa Palmer, Valarie Pettiford"
121,The Head,6.8,,"John Lynch, Katharine O'Donnelly, Alexandre Willaume, Richard Sammel"
122,Agatha Christie's Marple,7.8,,"Geraldine McEwan, Julia McKenzie, Stephen Churchett, Isabella Parriss"
123,Orphan Black,8.3,,"Tatiana Maslany, Dylan Bruce, Jordan Gavaris, Kevin Hanchard"
124,Everybody Loves Raymond,7.1,,"Ray Romano, Patricia Heaton, Brad Garrett, Doris Roberts"
125,Purometeusu,7.0,Ridley Scott,"Noomi Rapace, Logan Marshall-Green, Michael Fassbender, Charlize Theron"
126,Sasuperia,6.8,Luca Guadagnino,"Chloë Grace Moretz, Tilda Swinton, Doris Hick, Malgorzata Bela"
127,Monster,7.3,Patty Jenkins,"Charlize Theron, Christina Ricci, Bruce Dern, Lee Tergesen"
128,007/Shinu no wa yatsurada,6.8,Guy Hamilton,"Roger Moore, Yaphet Kotto, Jane Seymour, Clifton James"
129,Why Women Kill,8.3,,"Lucy Liu, Ginnifer Goodwin, Kirby Howell-Baptiste, Alexandra Daddario"
130,West Side Story,,Steven Spielberg,"Ansel Elgort, Rachel Zegler, Ariana DeBose, David Alvarez"
131,Clue,7.3,Jonathan Lynn,"Eileen Brennan, Tim Curry, Madeline Kahn, Christopher Lloyd"
132,Bates Motel,8.2,,"Vera Farmiga, Freddie Highmore, Max Thieriot, Nicola Peltz"
133,Senjô no pianisuto,8.5,Roman Polanski,"Adrien Brody, Thomas Kretschmann, Frank Finlay, Emilia Fox"
134,Misutâ inkurediburu,8.0,Brad Bird,"Craig T. Nelson, Samuel L. Jackson, Holly Hunter, Jason Lee"
135,Arkansas,5.9,Clark Duke,"Liam Hemsworth, Vince Vaughn, Clark Duke, John Malkovich"
136,Once Upon a Time in America,8.4,Sergio Leone,"Robert De Niro, James Woods, Elizabeth McGovern, Treat Williams"
137,Super 8,7.0,J.J. Abrams,"Elle Fanning, AJ Michalka, Kyle Chandler, Joel Courtney"
138,Hobitto o moigake nai boken,7.8,Peter Jackson,"Martin Freeman, Ian McKellen, Richard Armitage, Andy Serkis"
139,Will & Grace,7.2,,"Eric McCormack, Debra Messing, Megan Mullally, Sean Hayes"
140,Harley Quinn,8.5,,"Kaley Cuoco, Lake Bell, Alan Tudyk, Ron Funches"
141,Fighting with My Family,7.1,Stephen Merchant,"Dwayne Johnson, Lena Headey, Vince Vaughn, Florence Pugh"
142,La vita è bella,8.6,Roberto Benigni,"Roberto Benigni, Nicoletta Braschi, Giorgio Cantarini, Giustino Durano"
143,One Piece: Wan pîsu,8.7,,"Mayumi Tanaka, Tony Beck, Laurent Vernin, Akemi Okamura"
144,Hamunaputora: Ushinawareta sabaku no miyako,7.0,Stephen Sommers,"Brendan Fraser, Rachel Weisz, John Hannah, Arnold Vosloo"
145,Doctor Foster,7.7,,"Suranne Jones, Bertie Carvel, Tom Taylor, Thusitha Jayasundera"
146,Kill Bill: Vol. 1,8.1,Quentin Tarantino,"Uma Thurman, David Carradine, Daryl Hannah, Michael Madsen"
147,The King of Queens,7.3,,"Kevin James, Leah Remini, Jerry Stiller, Patton Oswalt"
148,The Bold Type,8.0,,"Katie Stevens, Aisha Dee, Meghann Fahy, Melora Hardin"
149,Triple Frontier,6.4,J.C. Chandor,"Ben Affleck, Oscar Isaac, Charlie Hunnam, Garrett Hedlund"
150,The Lost World: Jurassic Park,6.6,Steven Spielberg,"Jeff Goldblum, Julianne Moore, Pete Postlethwaite, Vince Vaughn"
151,21 Bridges,6.6,Brian Kirk,"Chadwick Boseman, Sienna Miller, J.K. Simmons, Stephan James"
152,Moonlight,7.4,Barry Jenkins,"Mahershala Ali, Naomie Harris, Trevante Rhodes, Alex R. Hibbert"
153,Beetlejuice,7.5,Tim Burton,"Alec Baldwin, Geena Davis, Michael Keaton, Annie McEnroe"
154,Oldeuboi,8.4,Chan-wook Park,"Min-sik Choi, Ji-Tae Yoo, Hye-jeong Kang, Dae-han Ji"
155,Twelve Monkeys,8.0,Terry Gilliam,"Bruce Willis, Madeleine Stowe, Brad Pitt, Joseph Melito"
156,Tombstone,7.8,,"Kurt Russell, Val Kilmer, Sam Elliott, Bill Paxton"
157,Arrival,7.9,Denis Villeneuve,"Amy Adams, Jeremy Renner, Forest Whitaker, Michael Stuhlbarg"
158,3 Idiots,8.4,Rajkumar Hirani,"Aamir Khan, Madhavan, Mona Singh, Sharman Joshi"
159,Under the Skin,6.3,Jonathan Glazer,"Scarlett Johansson, Jeremy McWilliams, Lynsey Taylor Mackay, Dougie McConnell"
160,Predator,7.8,John McTiernan,"Arnold Schwarzenegger, Carl Weathers, Kevin Peter Hall, Elpidia Carrillo"
161,Life in Pieces,8.0,,"Colin Hanks, Betsy Brandt, Thomas Sadoski, Zoe Lister-Jones"
162,Young Sheldon,7.4,,"Iain Armitage, Zoe Perry, Lance Barber, Montana Jordan"
163,"Extremely Wicked, Shockingly Evil and Vile",6.6,Joe Berlinger,"Lily Collins, Zac Efron, Angela Sarafyan, Sydney Vollmer"
164,遊星からの物体X,8.1,John Carpenter,"Kurt Russell, Wilford Brimley, Keith David, Richard Masur"
165,Law & Order: Criminal Intent,7.4,,"Kathryn Erbe, Vincent D'Onofrio, Jamey Sheridan, Courtney B. Vance"
166,Sponge Bob,8.1,,"Tom Kenny, Bill Fagerbakke, Rodger Bumpass, Clancy Brown"
167,Patriots Day,7.4,Peter Berg,"Mark Wahlberg, Michelle Monaghan, J.K. Simmons, John Goodman"
168,Model Shop,6.6,Jacques Demy,"Anouk Aimée, Gary Lockwood, Alexandra Hay, Carol Cole"
169,In Time,6.7,Andrew Niccol,"Justin Timberlake, Amanda Seyfried, Cillian Murphy, Olivia Wilde"
170,Argo,7.7,Ben Affleck,"Ben Affleck, Bryan Cranston, John Goodman, Alan Arkin"
171,Runaways,7.0,,"Rhenzy Feliz, Lyrica Okano, Virginia Gardner, Ariela Barer"
172,To All the Boys I've Loved Before,7.1,Susan Johnson,"Lana Condor, Noah Centineo, Janel Parrish, Anna Cathcart"
173,Twin Peaks,8.5,,"Kyle MacLachlan, Sheryl Lee, Michael Horse, Chrysta Bell"
174,Cars,7.1,,"Owen Wilson, Bonnie Hunt, Paul Newman, Larry the Cable Guy"
175,John Wick: Chapter 2,7.5,Chad Stahelski,"Keanu Reeves, Riccardo Scamarcio, Ian McShane, Ruby Rose"
176,ウエスタン,8.5,Sergio Leone,"Henry Fonda, Charles Bronson, Claudia Cardinale, Jason Robards"
177,Sutâ wôzu/Jedai no fukushuu,8.3,Richard Marquand,"Mark Hamill, Harrison Ford, Carrie Fisher, Billy Dee Williams"
178,Bill & Ted's Bogus Journey,6.3,Peter Hewitt,"Keanu Reeves, Alex Winter, William Sadler, Joss Ackland"
179,Mission: Impossible - Ghost Protocol,7.4,Brad Bird,"Tom Cruise, Jeremy Renner, Simon Pegg, Paula Patton"
180,"Signed, Sealed, Delivered",7.5,,"Eric Mabius, Kristin Booth, Yan-Kay Crystal Lowe, Geoff Gustafson"
181,Pirates of the Caribbean: At World's End,7.1,Gore Verbinski,"Johnny Depp, Orlando Bloom, Keira Knightley, Geoffrey Rush"
182,The Babysitter,6.3,McG,"Judah Lewis, Samara Weaving, Robbie Amell, Hana Mae Lee"
183,Aarya,7.9,,"Sushmita Sen, Vikas Kumar, Namit Das, Sikandar Kher"
184,Atomic Blonde,6.7,David Leitch,"Charlize Theron, James McAvoy, John Goodman, Eddie Marsan"
185,The Shield,8.7,,"Michael Chiklis, Catherine Dent, Walton Goggins, Michael Jace"
186,Happy Days,7.4,,"Ron Howard, Henry Winkler, Marion Ross, Tom Bosley"
187,The Nun,5.3,Corin Hardy,"Demián Bichir, Taissa Farmiga, Jonas Bloquet, Bonnie Aarons"
188,Star Wars: Rebels,8.0,,"Taylor Gray, Dave Filoni, Vanessa Marshall, Freddie Prinze Jr."
189,The Master,7.2,Paul Thomas Anderson,"Philip Seymour Hoffman, Joaquin Phoenix, Amy Adams, Jesse Plemons"
190,Children of Men,7.9,Alfonso Cuarón,"Julianne Moore, Clive Owen, Chiwetel Ejiofor, Michael Caine"
191,Sleepless in Seattle,6.8,Nora Ephron,"Tom Hanks, Meg Ryan, Ross Malinger, Rita Wilson"
192,Big Mouth,8.0,,"Nick Kroll, John Mulaney, Jessi Klein, Jason Mantzoukas"
193,Cats,2.7,Tom Hooper,"James Corden, Judi Dench, Jason Derulo, Idris Elba"
194,Dirilis: Ertugrul,7.8,,"Engin Altan Düzyatan, Hülya Darcan, Cengiz Coskun, Nurettin Sönmez"
195,The Patriot,7.2,Roland Emmerich,"Mel Gibson, Heath Ledger, Joely Richardson, Jason Isaacs"
196,Hagane no renkinjutsushi,9.1,,"Kent Williams, Iemasa Kayumi, Vic Mignogna, Muriel Hofmann"
197,Clash of the Titans,6.9,Desmond Davis,"Laurence Olivier, Harry Hamlin, Claire Bloom, Maggie Smith"
198,Misfits,8.2,,"Nathan Stewart-Jarrett, Joseph Gilgun, Iwan Rheon, Lauren Socha"
199,Little Miss Sunshine,7.8,,"Steve Carell, Toni Collette, Greg Kinnear, Abigail Breslin"
